geneid,0,1,2,3,4,5,6,7,8,9,10,11,12,13,14,15,16,17,18,19,20,21,22,23,24,25,26,27,28,29,30,31,32,33,34,35,36,37,38,39,40,41,42,43,44,45,46,47,48,49,50,51,52,53,54,55,56,57,58,59,60,61,62,63,64,65,66,67,68,69,70,71,72,73,74,75,76,77,78,79,80,81,label
mirna_pre::mirbase_pre::hsa-mir-146a::MI0000477,0.0,0.0,1.2,0.424691308642,10.0,-0.875,0.0625,4.0,1.1071428571428572,0.3316544224664396,14.0,0.0,0.0,0.0,0.0,0.0,0.0,0.0,0.0,0.0,0.0,0.0,0.0,0.0,0.0,0.0,0.0,0.0,0.0,0.0,0.0,0.0,0.0,0.0,0.0,0.0,0.0,0.0,0.0,0.0,0.0,0.0,0.0,0.0,0.0,0.0,0.0,0.0,0.0,0.0,0.0,0.0,0.0,0.0,0.0,0.0,0.0,0.0,0.0,0.0,0.0,0.0,0.0,0.0,0.0,0.0,0.0,0.0,0.0,0.0,0.0,0.0,0.0,0.0,0.0,0.0,0.0,0.0,0.0,0.0,619.0,16.912246134753335,1.0
mirna_pre::mirbase_pre::hsa-mir-221::MI0000298,0.0,0.0,0.0,0.0,0.0,-0.5,0.0,1.0,0.5,0.0,1.0,0.0,0.0,0.0,0.0,0.0,0.0,0.0,0.0,0.0,0.0,0.0,0.0,0.0,0.0,0.0,0.0,0.0,0.0,0.0,0.0,0.0,0.0,0.0,0.0,0.0,0.0,0.0,0.0,0.0,0.0,0.0,0.0,0.0,0.0,0.0,0.0,0.0,0.0,0.0,0.0,0.0,0.0,0.0,0.0,0.0,0.0,0.0,0.0,0.0,0.0,0.0,0.0,0.0,0.0,0.0,0.0,0.0,0.0,0.0,0.0,0.0,0.0,0.0,0.0,0.0,0.0,0.0,0.0,0.0,0.0,0.0,1.0
mirna_pre::mirbase_pre::hsa-mir-222::MI0000299,0.0,0.0,0.0,0.0,0.0,-0.5,0.0,1.0,0.5,0.0,1.0,0.0,0.0,0.0,0.0,0.0,0.0,0.0,0.0,0.0,0.0,0.0,0.0,0.0,0.0,0.0,0.0,0.0,0.0,0.0,0.0,0.0,0.0,0.0,0.0,0.0,0.0,0.0,0.0,0.0,0.0,0.0,0.0,0.0,0.0,0.0,0.0,0.0,0.0,0.0,0.0,0.0,0.0,0.0,0.0,0.0,0.0,0.0,0.0,0.0,0.0,0.0,0.0,0.0,0.0,0.0,0.0,0.0,0.0,0.0,0.0,0.0,0.0,0.0,0.0,0.0,0.0,0.0,0.0,0.0,0.0,0.0,1.0
mirna_pre::mirbase_pre::hsa-mir-92b::MI0003560,0.0,0.0,1.7943262553191488,1.3782761677459336,47.0,0.0,0.0,0.0,1.7943262553191488,1.3782761677459336,47.0,0.0,0.0,0.0,0.0,0.0,0.0,0.0,0.0,0.0,0.0,0.0,0.0,0.0,0.0,0.0,0.0,0.0,0.0,0.0,0.0,0.0,0.0,0.0,0.0,0.0,0.0,0.0,0.0,0.0,0.0,0.0,0.0,0.0,0.0,0.0,0.0,0.0,0.0,0.0,0.0,0.0,0.0,0.0,0.0,0.0,0.0,0.0,0.0,0.0,0.0,0.0,0.0,0.0,0.0,0.0,0.0,0.0,0.0,0.0,0.0,0.0,0.0,0.0,0.0,0.0,0.0,0.0,0.0,0.0,193.0,21.3023460741998,1.0
smallrna.ncrna::rfam::mir-26::RF00244.1.5581,0.0,0.0,1.75,0.9166666666666669,4.0,0.0,0.0,0.0,1.75,0.9166666666666669,4.0,0.0,0.0,0.0,0.0,0.0,0.0,0.0,0.0,0.0,0.0,0.0,0.0,0.0,0.0,0.0,0.0,0.0,0.0,0.0,0.0,0.0,0.0,0.0,0.0,0.0,0.0,0.0,0.0,0.0,0.0,0.0,0.0,0.0,0.0,0.0,0.0,0.0,0.0,0.0,0.0,0.0,0.0,0.0,0.0,0.0,0.0,0.0,0.0,0.0,0.0,0.0,0.0,0.0,0.0,0.0,0.0,0.0,0.0,0.0,0.0,0.0,0.0,0.0,0.0,0.0,0.0,0.0,0.0,0.0,238.0,20.50861012905897,1.0
enhancers::chr12:89609400-89611600::NA::NA,0.0,0.0,1.20833325,0.3958333055555833,4.0,-1.0,0.0,1.0,1.1666666,0.3055555277778,5.0,0.0,0.0,0.0,0.0,0.0,0.0,0.0,0.0,0.0,0.0,0.0,0.0,0.0,0.0,0.0,0.0,0.0,0.0,0.0,0.0,0.0,0.0,0.0,0.0,0.0,0.0,0.0,0.0,0.0,0.0,0.0,0.0,0.0,0.0,0.0,0.0,0.0,0.0,0.0,0.0,0.0,0.0,0.0,0.0,0.0,0.0,0.0,0.0,0.0,0.0,0.0,0.0,0.0,0.0,0.0,0.0,0.0,0.0,0.0,0.0,0.0,0.0,0.0,0.0,0.0,0.0,0.0,0.0,0.0,425.0,13.189052362190337,0.0
enhancers::chr15:47895000-47895800::NA::NA,0.0,0.0,0.8888889999999999,0.037036962963,3.0,-0.91666675,0.02777772222225,4.0,0.904762,0.0264549735449999,7.0,0.0,0.0,0.0,0.0,0.0,0.0,0.0,0.0,0.0,0.0,0.0,0.0,0.0,0.0,0.0,0.0,0.0,0.0,0.0,0.0,0.0,0.0,0.0,0.0,0.0,0.0,0.0,0.0,0.0,0.0,0.0,0.0,0.0,0.0,0.0,0.0,0.0,0.0,0.0,0.0,0.0,0.0,0.0,0.0,0.0,0.0,0.0,0.0,0.0,0.0,0.0,0.0,0.0,0.0,0.0,0.0,0.0,0.0,0.0,0.0,0.0,0.0,0.0,0.0,0.0,0.0,0.0,0.0,0.0,620.0,11.54882190845875,0.0
enhancers::chr15:50122400-50123600::NA::NA,1.9695,3.6801845,0.8888889999999999,0.037036962963,3.0,-0.8888889999999999,0.037036962963,3.0,0.8888889999999999,0.0296295703704,6.0,0.4433705,0.0001969120125,0.0,2.0,0.0,0.0,0.0,0.0,0.0,0.0,0.0,0.0,0.0,0.0,0.0,0.0,0.0,0.0,0.0,0.0,0.0,0.0,0.0,0.0,0.0,2.0,0.0,0.0,0.0,0.0,0.0,1.0,0.0,0.418,0.0060499999999999,0.0,0.0,0.0,0.0,0.0,0.0,0.0,0.0,0.0,0.0,0.0,0.0,0.0,0.0,0.0,0.0,0.0,0.0,0.0,0.0,0.0,0.0,0.0,0.0,0.0,0.0,1.0,1.0,0.0,0.0,0.0,0.0,0.0,0.0,431.0,15.583993569131188,0.0
enhancers::chr15:83579000-83579600::NA::NA,0.0,0.0,1.125,0.1964285714285714,8.0,-1.0,0.0,1.0,1.1111111111111112,0.173611111111111,9.0,0.0,0.0,0.0,0.0,0.0,0.0,0.0,0.0,0.0,0.0,0.0,0.0,0.0,0.0,0.0,0.0,0.0,0.0,0.0,0.0,0.0,0.0,0.0,0.0,0.0,0.0,0.0,0.0,0.0,0.0,0.0,0.0,0.0,0.0,0.0,0.0,0.0,0.0,0.0,0.0,0.0,0.0,0.0,0.0,0.0,0.0,0.0,0.0,0.0,0.0,0.0,0.0,0.0,0.0,0.0,0.0,0.0,0.0,0.0,0.0,0.0,0.0,0.0,0.0,0.0,0.0,0.0,0.0,0.0,631.0,18.346318943720007,0.0
enhancers::chr17:8049400-8054200::NA::NA,0.0,0.0,1.333333,0.0,1.0,-0.958333375,0.0462962703703833,16.0,0.9803921764705884,0.0516747957516544,17.0,0.0,0.0,0.0,0.0,0.0,0.0,0.0,0.0,0.0,0.0,0.0,0.0,0.0,0.0,0.0,0.0,0.0,0.0,0.0,0.0,0.0,0.0,0.0,0.0,0.0,0.0,0.0,0.0,0.0,0.0,0.0,0.0,0.0,0.0,0.0,0.0,0.0,0.0,0.0,0.0,0.0,0.0,0.0,0.0,0.0,0.0,0.0,0.0,0.0,0.0,0.0,0.0,0.0,0.0,0.0,0.0,0.0,0.0,0.0,0.0,0.0,0.0,0.0,0.0,0.0,0.0,0.0,0.0,0.0,202.0,19.516467590066963,0.0
enhancers::chr22:41284800-41285800::NA::NA,3.139,0.0,0.0,0.0,0.0,-1.0,0.0,1.0,1.0,0.0,1.0,0.535947,0.0,1.0,0.0,0.0,0.0,0.0,0.0,0.0,0.0,0.0,0.0,0.0,0.0,0.0,0.0,0.0,0.0,0.0,0.0,0.0,0.0,0.0,0.0,0.0,1.0,0.0,0.0,0.0,0.0,0.0,1.0,0.0,0.433,0.0,0.0,0.0,0.0,0.0,0.0,0.0,0.0,0.0,0.0,0.0,1.0,0.0,0.0,0.0,0.0,0.0,0.0,0.0,0.0,0.0,0.0,0.0,0.0,0.0,0.0,0.0,0.0,0.0,0.0,0.0,0.0,0.0,0.0,0.0,191.0,20.05107614669065,0.0
enhancers::chr4:75148600-75150600::NA::NA,0.0,0.0,1.0,0.0,4.0,-0.9743589230769232,0.0594728945869102,13.0,0.9803921176470588,0.0447303627451103,17.0,0.0,0.0,0.0,0.0,0.0,0.0,0.0,0.0,0.0,0.0,0.0,0.0,0.0,0.0,0.0,0.0,0.0,0.0,0.0,0.0,0.0,0.0,0.0,0.0,0.0,0.0,0.0,0.0,0.0,0.0,0.0,0.0,0.0,0.0,0.0,0.0,0.0,0.0,0.0,0.0,0.0,0.0,0.0,0.0,0.0,0.0,0.0,0.0,0.0,0.0,0.0,0.0,0.0,0.0,0.0,0.0,0.0,0.0,0.0,0.0,0.0,0.0,0.0,0.0,0.0,0.0,0.0,0.0,0.0,330.0,17.21411987122146,0.0
enhancers::chr6:11636600-11637200::NA::NA,0.0,0.0,1.0897435384615384,0.2389600868946025,13.0,-1.0,0.0,1.0,1.0833332857142857,0.2211538205128351,14.0,0.0,0.0,0.0,0.0,0.0,0.0,0.0,0.0,0.0,0.0,0.0,0.0,0.0,0.0,0.0,0.0,0.0,0.0,0.0,0.0,0.0,0.0,0.0,0.0,0.0,0.0,0.0,0.0,0.0,0.0,0.0,0.0,0.0,0.0,0.0,0.0,0.0,0.0,0.0,0.0,0.0,0.0,0.0,0.0,0.0,0.0,0.0,0.0,0.0,0.0,0.0,0.0,0.0,0.0,0.0,0.0,0.0,0.0,0.0,0.0,0.0,0.0,0.0,0.0,0.0,0.0,0.0,0.0,0.0,426.0,10.728770849542665,0.0
gc19_pc.3utr::gencode::ABCG5::ENSG00000138075.7,0.0,0.0,0.91666675,0.02777772222225,4.0,-1.0,0.0,1.0,0.9333334,0.0222221777778,5.0,0.0,0.0,0.0,0.0,0.0,0.0,1.0,0.0,0.0,0.0,0.0,0.0,0.0,0.0,0.0,0.0,0.0,0.0,0.0,0.0,0.0,0.0,0.0,0.0,0.0,0.0,0.0,0.0,0.0,1.0,0.0,1.0,0.0,0.347,0.0,0.0,0.0,0.0,0.0,0.0,0.0,0.0,0.0,0.0,0.0,0.0,0.0,0.0,0.0,0.0,0.0,0.0,0.0,0.0,0.0,0.0,0.0,0.0,0.0,0.0,0.0,0.0,0.0,0.0,0.0,0.0,0.0,5.110650281999372,1.2781067054543138,389.0,17.576993558031436,0.0
gc19_pc.3utr::gencode::AEN::ENSG00000181026.13,2.955666666666667,8.286281333333333,1.047619,0.0992063174603333,7.0,-1.0,0.0,1.0,1.041666625,0.0853174325396964,8.0,0.4203353333333333,0.0288810528413333,0.0,0.0,0.0,0.0,3.0,0.0,0.0,0.0,0.0,0.0,0.0,0.0,0.0,0.0,0.0,0.0,0.0,0.0,0.0,0.0,0.0,0.0,0.0,3.0,0.0,0.0,0.0,0.0,0.0,1.0,0.0,0.4943333333333333,0.0025003333333333,0.0,0.0,0.0,0.0,0.0,0.0,0.0,0.0,0.0,0.0,0.0,0.0,0.0,1.0,0.0,0.0,1.0,0.0,0.0,0.0,0.0,0.0,0.0,0.0,0.0,0.0,0.0,0.0,0.0,0.0,1.0,0.0,2.439220456944975,0.1966850975642331,605.0,19.505724344014965,0.0
gc19_pc.3utr::gencode::COX15::ENSG00000014919.8,6.901,0.0,1.3333334,0.3888887777777999,5.0,-0.91666675,0.0277777222222499,4.0,1.1481482222222223,0.2530863395061944,9.0,0.62062,0.0,0.0,1.0,0.0,0.0,1.0,0.0,0.0,0.0,0.0,0.0,0.0,0.0,0.0,0.0,0.0,0.0,0.0,0.0,0.0,0.0,0.0,0.0,0.0,1.0,0.0,0.0,1.0,0.0,0.0,1.0,0.0,0.3159999999999999,0.0020479999999999,0.0,0.0,0.0,0.0,0.0,0.0,0.0,0.0,0.0,0.0,0.0,0.0,0.0,0.0,0.0,0.0,1.0,0.0,0.0,0.0,0.0,0.0,0.0,0.0,0.0,0.0,0.0,0.0,0.0,0.0,0.0,0.0,3.60356169688774,0.1248217357203416,304.0,19.96987129200435,0.0
gc19_pc.3utr::gencode::CYP1A1::ENSG00000140465.9,9.028,0.0,1.0555555,0.0185184814815,6.0,-0.5,0.0,1.0,0.9761904285714286,0.0595237698412857,7.0,0.227144,0.0,1.0,0.0,0.0,0.0,1.0,0.0,0.0,0.0,0.0,0.0,0.0,0.0,0.0,0.0,0.0,0.0,0.0,0.0,0.0,0.0,0.0,0.0,0.0,1.0,0.0,0.0,1.0,0.0,0.0,1.0,0.0,0.4905,1.2500000000000024e-05,0.0,0.0,0.0,0.0,0.0,0.0,0.0,0.0,0.0,0.0,0.0,0.0,0.0,1.0,0.0,0.0,0.0,0.0,0.0,0.0,0.0,0.0,0.0,0.0,0.0,0.0,0.0,0.0,0.0,0.0,0.0,0.0,2.4708379552099227,3.148967902415903,199.0,19.997331113875138,0.0
gc19_pc.3utr::gencode::DNAJC27::ENSG00000115137.7,7.572,0.0,1.0555556666666666,0.1759257962963333,3.0,-1.0,0.0,1.0,1.04166675,0.11805547222225,4.0,0.608797,0.0,0.0,0.0,0.0,0.0,1.0,0.0,0.0,0.0,0.0,0.0,0.0,0.0,0.0,0.0,0.0,0.0,0.0,0.0,0.0,0.0,0.0,0.0,0.0,1.0,0.0,0.0,0.0,0.0,0.0,1.0,0.0,0.308,0.0,1.0,0.0,0.0,0.0,0.0,0.0,0.0,0.0,0.0,0.0,0.0,0.0,0.0,0.0,0.0,0.0,0.0,0.0,0.0,0.0,0.0,0.0,0.0,0.0,0.0,0.0,0.0,0.0,0.0,0.0,0.0,0.0,1.260488361379915,0.1313041864624433,296.0,18.03255697837047,0.0
gc19_pc.3utr::gencode::ECE2::ENSG00000145194.13,1.6209166666666663,3.1048708106060605,1.0,0.0,5.0,-0.8333334000000001,0.0555555277778,5.0,0.9166667,0.0324073888889,10.0,0.49569525,0.0562478097832954,12.0,0.0,0.0,0.0,0.0,0.0,0.0,0.0,0.0,0.0,0.0,0.0,0.0,0.0,0.0,0.0,0.0,0.0,0.0,0.0,0.0,0.0,0.0,12.0,0.0,0.0,0.0,0.0,0.0,1.0,0.0,0.4651666666666667,0.0047497878787878,0.0,1.0,0.0,0.0,0.0,1.0,0.0,0.0,2.0,0.0,0.0,0.0,0.0,0.0,1.0,1.0,0.0,0.0,0.0,1.0,0.0,1.0,0.0,1.0,0.0,0.0,1.0,1.0,1.0,0.0,0.0,0.0,1.4390099286252935,0.1561805425560795,257.0,21.09503960674893,0.0
gc19_pc.3utr::gencode::FCRL1::ENSG00000163534.10,1.994,1.764102,1.722222222222222,1.3571427936508065,36.0,0.0,0.0,0.0,1.722222222222222,1.3571427936508065,36.0,0.6832465000000001,0.0758812091616666,0.0,1.0,0.0,0.0,3.0,0.0,0.0,0.0,0.0,0.0,0.0,0.0,0.0,0.0,0.0,0.0,0.0,0.0,0.0,0.0,0.0,0.0,0.0,4.0,0.0,0.0,0.0,0.0,0.0,1.0,0.0,0.3707499999999999,0.0141535833333333,0.0,1.0,0.0,0.0,1.0,0.0,0.0,0.0,0.0,0.0,0.0,0.0,0.0,0.0,0.0,0.0,0.0,1.0,0.0,0.0,0.0,0.0,1.0,0.0,0.0,0.0,0.0,0.0,0.0,0.0,0.0,0.0,0.3934477417716105,0.1912297359054335,829.0,13.660664477461278,0.0
gc19_pc.3utr::gencode::LPIN2::ENSG00000101577.5,9.10375,61.54669224999998,0.8333334000000001,0.0555555277778,5.0,-1.0,0.0,2.0,0.8809524285714286,0.0436507698412857,7.0,0.6384292500000001,0.0351193093949166,0.0,0.0,0.0,0.0,4.0,0.0,0.0,0.0,0.0,0.0,0.0,0.0,0.0,0.0,0.0,0.0,0.0,0.0,0.0,0.0,0.0,0.0,0.0,4.0,0.0,0.0,0.0,0.0,0.0,1.0,0.0,0.39775,0.01264025,0.0,1.0,0.0,0.0,0.0,0.0,0.0,0.0,0.0,0.0,0.0,1.0,0.0,0.0,0.0,0.0,0.0,1.0,0.0,0.0,0.0,0.0,1.0,0.0,0.0,0.0,0.0,0.0,0.0,0.0,0.0,0.0,5.505366957177337,0.5222100617169397,468.0,19.485607250257644,0.0
gc19_pc.3utr::gencode::MMP27::ENSG00000137675.4,0.0,0.0,0.8666668,0.0333332666666999,5.0,-0.7666668,0.0499999666667,5.0,0.8166668000000001,0.0398147703703999,10.0,0.0,0.0,0.0,0.0,0.0,0.0,0.0,0.0,0.0,0.0,0.0,0.0,0.0,0.0,0.0,0.0,0.0,0.0,0.0,0.0,0.0,0.0,0.0,0.0,0.0,0.0,0.0,0.0,0.0,0.0,0.0,0.0,0.0,0.0,0.0,0.0,0.0,0.0,0.0,0.0,0.0,0.0,0.0,0.0,0.0,0.0,0.0,0.0,0.0,0.0,0.0,0.0,0.0,0.0,0.0,0.0,0.0,0.0,0.0,0.0,0.0,0.0,0.0,0.0,0.0,0.0,0.0,0.0235925266152378,0.0034357762910644,436.0,14.413165113535396,0.0
gc19_pc.3utr::gencode::PIP4K2A::ENSG00000150867.9,7.977,27.047602,0.0,0.0,0.0,-1.0,0.0,1.0,1.0,0.0,1.0,0.6248137500000001,0.0354227246749166,0.0,0.0,0.0,0.0,5.0,0.0,0.0,0.0,0.0,0.0,0.0,0.0,0.0,0.0,0.0,0.0,0.0,0.0,0.0,0.0,0.0,0.0,0.0,4.0,0.0,0.0,1.0,0.0,0.0,1.0,0.0,0.3952,0.0060217,0.0,0.0,0.0,2.0,0.0,0.0,0.0,0.0,0.0,0.0,0.0,0.0,1.0,0.0,0.0,1.0,0.0,0.0,0.0,0.0,0.0,0.0,0.0,0.0,0.0,0.0,0.0,0.0,0.0,0.0,0.0,0.0,3.0422587860171872,0.2693434104776416,508.0,19.032478956971083,0.0
gc19_pc.3utr::gencode::VWCE::ENSG00000167992.8,3.905,0.0,1.3333334,0.9444442222222998,5.0,-0.9333334,0.0222221777777999,5.0,1.1333334000000002,0.4740739555556,10.0,0.116232,0.0,0.0,0.0,0.0,0.0,1.0,0.0,0.0,0.0,0.0,0.0,0.0,0.0,0.0,0.0,0.0,0.0,0.0,0.0,0.0,0.0,0.0,0.0,0.0,1.0,0.0,0.0,0.0,0.0,0.0,1.0,0.0,0.562,0.0,0.0,0.0,0.0,0.0,0.0,0.0,0.0,0.0,0.0,0.0,0.0,0.0,0.0,0.0,0.0,0.0,0.0,0.0,0.0,0.0,0.0,0.0,0.0,0.0,0.0,0.0,0.0,0.0,1.0,0.0,0.0,0.0,2.1562050940848545,1.1542588373836014,480.0,21.43281610676264,0.0
gc19_pc.5utr::gencode::CILP2::ENSG00000160161.5,0.0,0.0,2.511111133333334,2.7399470021164096,15.0,0.0,0.0,0.0,2.511111133333334,2.7399470021164096,15.0,0.0,0.0,0.0,0.0,0.0,0.0,0.0,0.0,0.0,0.0,0.0,0.0,0.0,0.0,0.0,0.0,0.0,0.0,0.0,0.0,0.0,0.0,0.0,0.0,0.0,0.0,0.0,0.0,0.0,0.0,0.0,0.0,0.0,0.0,0.0,0.0,0.0,0.0,0.0,0.0,0.0,0.0,0.0,0.0,0.0,0.0,0.0,0.0,0.0,0.0,0.0,0.0,0.0,0.0,0.0,0.0,0.0,0.0,0.0,0.0,0.0,0.0,0.0,0.0,0.0,0.0,0.0,0.2429503221163056,0.0914421233619569,214.0,21.010211875250164,0.0
gc19_pc.5utr::gencode::IRX2::ENSG00000170561.8,0.0,0.0,1.2,0.2,5.0,-0.9,0.05,5.0,1.05,0.1361111111111111,10.0,0.0,0.0,0.0,0.0,0.0,0.0,0.0,0.0,0.0,0.0,0.0,0.0,0.0,0.0,0.0,0.0,0.0,0.0,0.0,0.0,0.0,0.0,0.0,0.0,0.0,0.0,0.0,0.0,0.0,0.0,0.0,0.0,0.0,0.0,0.0,0.0,0.0,0.0,0.0,0.0,0.0,0.0,0.0,0.0,0.0,0.0,0.0,0.0,0.0,0.0,0.0,0.0,0.0,0.0,0.0,0.0,0.0,0.0,0.0,0.0,0.0,0.0,0.0,0.0,0.0,0.0,0.0,0.0114410476812929,0.0004858291035719,954.0,17.74631749068631,0.0
gc19_pc.5utr::gencode::LBR::ENSG00000143815.10,6.514333333333333,6.192942333333335,0.958333375,0.1129629370370499,16.0,-1.0,0.0,1.0,0.9607843529411764,0.1060048774509926,17.0,0.4483789999999999,0.007991872741,3.0,0.0,0.0,0.0,0.0,0.0,0.0,0.0,0.0,0.0,0.0,0.0,0.0,0.0,0.0,0.0,0.0,0.0,0.0,0.0,0.0,0.0,0.0,3.0,0.0,0.0,0.0,0.0,0.0,1.0,0.0,0.5423333333333334,0.0086403333333333,0.0,0.0,0.0,0.0,0.0,0.0,0.0,0.0,0.0,0.0,0.0,0.0,0.0,0.0,0.0,1.0,0.0,0.0,0.0,0.0,1.0,0.0,0.0,0.0,0.0,0.0,0.0,0.0,1.0,0.0,0.0,0.0,4.602378465810899,0.2420403507875116,319.0,20.648610368572392,0.0
gc19_pc.5utr::gencode::PHF20::ENSG00000025293.11,4.276410526315789,24.42250132967525,1.5,0.5,2.0,-0.666667,0.0,1.0,1.2222223333333333,0.4814812962963333,3.0,0.5425529999999997,0.0384443323419787,104.0,0.0,0.0,2.0,0.0,0.0,0.0,0.0,0.0,0.0,0.0,0.0,0.0,0.0,0.0,0.0,0.0,0.0,0.0,0.0,0.0,0.0,0.0,96.0,1.0,0.0,7.0,2.0,0.0,1.2045454545454546,0.3944618599791014,0.42961320754717,0.0065995346810422,5.0,1.0,8.0,6.0,2.0,1.0,2.0,1.0,5.0,1.0,7.0,8.0,2.0,2.0,3.0,1.0,6.0,3.0,2.0,3.0,3.0,3.0,2.0,4.0,2.0,0.0,1.0,4.0,2.0,1.0,1.0,4.0,2.235596893906432,0.0959996734906971,134.0,19.596621093472017,0.0
gc19_pc.5utr::gencode::PRUNE2::ENSG00000106772.13,4.205541666666668,18.185438869337965,0.7222223333333333,0.0648147962963333,3.0,-0.6,0.0733333333333333,4.0,0.652381,0.062539684127,7.0,0.4299729652777778,0.0386125705031974,295.0,0.0,0.0,9.0,0.0,0.0,0.0,2.0,0.0,0.0,0.0,0.0,0.0,0.0,0.0,0.0,0.0,0.0,0.0,0.0,0.0,0.0,0.0,289.0,2.0,0.0,10.0,5.0,0.0,1.8214285714285716,1.1535500427715992,0.4156830065359478,0.0061823090217507,13.0,7.0,15.0,12.0,12.0,9.0,4.0,8.0,11.0,7.0,14.0,9.0,7.0,8.0,10.0,11.0,5.0,11.0,15.0,4.0,3.0,5.0,8.0,8.0,4.0,5.0,8.0,5.0,11.0,9.0,19.0,12.0,0.4484162457950635,0.0991949085423071,800.0,17.363167996470455,0.0
gc19_pc.5utr::gencode::RNF208::ENSG00000212864.2,0.0,0.0,0.969697,0.1823231676768,11.0,-0.952381,0.015872984127,7.0,0.962963,0.112926602759647,18.0,0.0,0.0,0.0,0.0,0.0,0.0,0.0,0.0,0.0,0.0,0.0,0.0,0.0,0.0,0.0,0.0,0.0,0.0,0.0,0.0,0.0,0.0,0.0,0.0,0.0,0.0,0.0,0.0,0.0,0.0,0.0,0.0,0.0,0.0,0.0,0.0,0.0,0.0,0.0,0.0,0.0,0.0,0.0,0.0,0.0,0.0,0.0,0.0,0.0,0.0,0.0,0.0,0.0,0.0,0.0,0.0,0.0,0.0,0.0,0.0,0.0,0.0,0.0,0.0,0.0,0.0,0.0,2.6277497449590563,0.3770761067605108,200.0,22.363076269278164,0.0
gc19_pc.promCore::gencode::ATP6V0E1::ENSG00000113732.4,0.0,0.0,1.2424242727272727,0.4464646080808182,11.0,-0.9444445,0.0185184814815,6.0,1.1372549411764703,0.3063725098039339,17.0,0.0,0.0,0.0,0.0,0.0,0.0,0.0,0.0,0.0,0.0,0.0,0.0,0.0,0.0,0.0,0.0,0.0,0.0,0.0,0.0,0.0,0.0,0.0,0.0,0.0,0.0,0.0,0.0,0.0,0.0,0.0,0.0,0.0,0.0,0.0,0.0,0.0,0.0,0.0,0.0,0.0,0.0,0.0,0.0,0.0,0.0,0.0,0.0,0.0,0.0,0.0,0.0,0.0,0.0,0.0,0.0,0.0,0.0,0.0,0.0,0.0,0.0,0.0,0.0,0.0,0.0,0.0,6.19529260257629,0.2756158996108219,181.0,20.04680960933283,0.0
gc19_pc.promCore::gencode::CAV3::ENSG00000182533.6,0.0,0.0,0.9166666666666666,0.0861110222222666,6.0,-1.0,0.0,5.0,0.9545454545454546,0.0449494505050727,11.0,0.0,0.0,0.0,0.0,0.0,0.0,0.0,0.0,0.0,0.0,0.0,0.0,0.0,0.0,0.0,0.0,0.0,0.0,0.0,0.0,0.0,0.0,0.0,0.0,0.0,0.0,0.0,0.0,0.0,0.0,0.0,0.0,0.0,0.0,0.0,0.0,0.0,0.0,0.0,0.0,0.0,0.0,0.0,0.0,0.0,0.0,0.0,0.0,0.0,0.0,0.0,0.0,0.0,0.0,0.0,0.0,0.0,0.0,0.0,0.0,0.0,0.0,0.0,0.0,0.0,0.0,0.0,0.0130940172748146,0.0004751991679445,555.0,17.087193471039914,0.0
gc19_pc.promCore::gencode::FAM193B::ENSG00000146067.11,4.309846153846154,9.551521807692309,1.3229166875,0.4461805263888959,16.0,-0.9333334,0.0222221777778,5.0,1.230158761904762,0.3679893804232905,21.0,0.5104551538461538,0.0433161952704743,14.0,0.0,0.0,0.0,0.0,0.0,0.0,0.0,0.0,0.0,0.0,0.0,0.0,0.0,0.0,0.0,0.0,0.0,0.0,0.0,0.0,0.0,0.0,13.0,1.0,0.0,0.0,0.0,0.0,1.0769230769230769,0.0769230769230769,0.4672142857142857,0.0016137197802197,1.0,0.0,0.0,1.0,0.0,0.0,0.0,0.0,1.0,0.0,2.0,1.0,0.0,1.0,0.0,0.0,3.0,0.0,1.0,0.0,0.0,0.0,0.0,0.0,0.0,1.0,0.0,0.0,0.0,0.0,0.0,1.0,3.784263312420837,0.7473058545651262,261.0,20.95526393861194,0.0
gc19_pc.promCore::gencode::FBXL18::ENSG00000155034.14,4.301181818181818,10.716264563636363,1.22222225,0.3653198316498409,11.0,-1.0,0.0,1.0,1.2051282307692308,0.3386751837606923,12.0,0.4585426363636363,0.0783393251712545,10.0,0.0,0.0,0.0,0.0,0.0,1.0,0.0,0.0,0.0,0.0,0.0,0.0,0.0,0.0,0.0,0.0,0.0,0.0,0.0,0.0,0.0,0.0,11.0,0.0,0.0,0.0,0.0,0.0,1.0,0.0,0.515,0.0027323999999999,0.0,0.0,1.0,0.0,0.0,0.0,1.0,1.0,0.0,0.0,0.0,1.0,0.0,0.0,0.0,1.0,0.0,0.0,0.0,0.0,0.0,0.0,0.0,1.0,1.0,0.0,1.0,1.0,2.0,0.0,0.0,0.0,0.7388008571420224,0.145705756267134,195.0,23.721076340101284,0.0
gc19_pc.promCore::gencode::GOLGA7B::ENSG00000269783.1,0.0,0.0,1.3333333333333333,0.3333333333333333,3.0,-0.91666675,0.0277777222222499,4.0,1.095238142857143,0.1746031269841428,7.0,0.0,0.0,0.0,0.0,0.0,0.0,0.0,0.0,0.0,0.0,0.0,0.0,0.0,0.0,0.0,0.0,0.0,0.0,0.0,0.0,0.0,0.0,0.0,0.0,0.0,0.0,0.0,0.0,0.0,0.0,0.0,0.0,0.0,0.0,0.0,0.0,0.0,0.0,0.0,0.0,0.0,0.0,0.0,0.0,0.0,0.0,0.0,0.0,0.0,0.0,0.0,0.0,0.0,0.0,0.0,0.0,0.0,0.0,0.0,0.0,0.0,0.0,0.0,0.0,0.0,0.0,0.0,0.2235395530068543,0.0901572641058348,209.0,16.86260103791256,0.0
gc19_pc.promCore::gencode::KIAA0922::ENSG00000121210.11,3.6518627450980383,11.313296880784312,2.0,0.0,1.0,-0.8333333333333334,0.0833333333333333,3.0,1.125,0.3958333333333333,4.0,0.563301568627451,0.0334180118218101,57.0,0.0,0.0,0.0,0.0,0.0,0.0,0.0,0.0,0.0,0.0,0.0,0.0,0.0,0.0,0.0,0.0,0.0,0.0,0.0,0.0,0.0,0.0,51.0,0.0,0.0,5.0,1.0,0.0,1.2391304347826086,0.27487922705314,0.4297719298245613,0.0052493220551378,3.0,1.0,3.0,3.0,1.0,1.0,1.0,1.0,0.0,1.0,1.0,4.0,2.0,3.0,2.0,0.0,0.0,1.0,0.0,0.0,1.0,0.0,3.0,2.0,0.0,1.0,3.0,2.0,1.0,1.0,3.0,6.0,3.0291693758378706,0.4108759474804929,238.0,17.19807088983756,0.0
gc19_pc.promCore::gencode::LRP2::ENSG00000081479.8,0.0,0.0,0.8809524285714286,0.0436507698412857,7.0,-0.904762,0.0264549735449999,7.0,0.8928572142857144,0.0325091227106428,14.0,0.0,0.0,0.0,0.0,0.0,0.0,0.0,0.0,0.0,0.0,0.0,0.0,0.0,0.0,0.0,0.0,0.0,0.0,0.0,0.0,0.0,0.0,0.0,0.0,0.0,0.0,0.0,0.0,0.0,0.0,0.0,0.0,0.0,0.0,0.0,0.0,0.0,0.0,0.0,0.0,0.0,0.0,0.0,0.0,0.0,0.0,0.0,0.0,0.0,0.0,0.0,0.0,0.0,0.0,0.0,0.0,0.0,0.0,0.0,0.0,0.0,0.0,0.0,0.0,0.0,0.0,0.0,0.185160081392944,0.1345400593747607,569.0,10.879583249612784,0.0
gc19_pc.promCore::gencode::PRKAR2B::ENSG00000005249.8,0.0,0.0,1.6428571428571428,2.429894105820143,7.0,-1.0,0.0,1.0,1.5625,2.134424539682571,8.0,0.0,0.0,0.0,0.0,0.0,0.0,0.0,0.0,0.0,0.0,0.0,0.0,0.0,0.0,0.0,0.0,0.0,0.0,0.0,0.0,0.0,0.0,0.0,0.0,0.0,0.0,0.0,0.0,0.0,0.0,0.0,0.0,0.0,0.0,0.0,0.0,0.0,0.0,0.0,0.0,0.0,0.0,0.0,0.0,0.0,0.0,0.0,0.0,0.0,0.0,0.0,0.0,0.0,0.0,0.0,0.0,0.0,0.0,0.0,0.0,0.0,0.0,0.0,0.0,0.0,0.0,0.0,1.049483019371475,0.4294628863017098,700.0,14.081649867700005,0.0
gc19_pc.promCore::gencode::RELA::ENSG00000173039.14,0.0,0.0,1.1111113333333331,0.5925922962963334,3.0,-0.91666675,0.02777772222225,4.0,1.0000001428571428,0.2222221111111428,7.0,0.0,0.0,0.0,0.0,0.0,0.0,0.0,0.0,0.0,0.0,0.0,0.0,0.0,0.0,0.0,0.0,0.0,0.0,0.0,0.0,0.0,0.0,0.0,0.0,0.0,0.0,0.0,0.0,0.0,0.0,0.0,0.0,0.0,0.0,0.0,0.0,0.0,0.0,0.0,0.0,0.0,0.0,0.0,0.0,0.0,0.0,0.0,0.0,0.0,0.0,0.0,0.0,0.0,0.0,0.0,0.0,0.0,0.0,0.0,0.0,0.0,0.0,0.0,0.0,0.0,0.0,0.0,4.088441269074852,0.0614926785541829,202.0,21.10860612877801,0.0
gc19_pc.promCore::gencode::RNF224::ENSG00000233198.2,0.0,0.0,0.969697,0.1823231676768,11.0,-0.952381,0.015872984127,7.0,0.962963,0.112926602759647,18.0,0.0,0.0,0.0,0.0,0.0,0.0,0.0,0.0,0.0,0.0,0.0,0.0,0.0,0.0,0.0,0.0,0.0,0.0,0.0,0.0,0.0,0.0,0.0,0.0,0.0,0.0,0.0,0.0,0.0,0.0,0.0,0.0,0.0,0.0,0.0,0.0,0.0,0.0,0.0,0.0,0.0,0.0,0.0,0.0,0.0,0.0,0.0,0.0,0.0,0.0,0.0,0.0,0.0,0.0,0.0,0.0,0.0,0.0,0.0,0.0,0.0,0.0,0.0,0.0,0.0,0.0,0.0,0.1166805188604564,0.0185333965120973,200.0,22.363076269278164,0.0
gc19_pc.promCore::gencode::RP11-849H4.2::ENSG00000254469.3,5.317833333333334,41.83169096666667,1.7619048571428573,1.6931214497354763,6.0,-0.8333335,0.0555554444445,2.0,1.5555556666666668,1.4444442222222502,8.0,0.6282868333333333,0.0084836546149666,3.0,0.0,0.0,0.0,0.0,0.0,3.0,0.0,0.0,0.0,0.0,0.0,0.0,0.0,0.0,0.0,0.0,0.0,0.0,0.0,0.0,0.0,0.0,6.0,0.0,0.0,0.0,0.0,0.0,1.0,0.0,0.4401666666666666,0.0056237666666666,1.0,0.0,0.0,2.0,0.0,0.0,0.0,0.0,0.0,0.0,0.0,0.0,1.0,0.0,0.0,0.0,0.0,0.0,1.0,0.0,0.0,0.0,0.0,0.0,0.0,0.0,0.0,0.0,0.0,0.0,1.0,0.0,0.5578617946807541,0.054932832257098,312.0,18.380389192355302,0.0
gc19_pc.promCore::gencode::SDHC::ENSG00000143252.10,0.0,0.0,1.8070175526315784,1.801090483641551,38.0,0.0,0.0,0.0,1.8070175526315784,1.801090483641551,38.0,0.0,0.0,0.0,0.0,0.0,0.0,0.0,0.0,0.0,0.0,0.0,0.0,0.0,0.0,0.0,0.0,0.0,0.0,0.0,0.0,0.0,0.0,0.0,0.0,0.0,0.0,0.0,0.0,0.0,0.0,0.0,0.0,0.0,0.0,0.0,0.0,0.0,0.0,0.0,0.0,0.0,0.0,0.0,0.0,0.0,0.0,0.0,0.0,0.0,0.0,0.0,0.0,0.0,0.0,0.0,0.0,0.0,0.0,0.0,0.0,0.0,0.0,0.0,0.0,0.0,0.0,0.0,5.945345000318177,0.3327685971893624,229.0,17.772482115610938,0.0
gc19_pc.promCore::gencode::SOX3::ENSG00000134595.6,0.0,0.0,2.0,0.0,1.0,-0.666667,0.0,1.0,1.3333335,0.8888884444444999,2.0,0.0,0.0,0.0,0.0,0.0,0.0,0.0,0.0,0.0,0.0,0.0,0.0,0.0,0.0,0.0,0.0,0.0,0.0,0.0,0.0,0.0,0.0,0.0,0.0,0.0,0.0,0.0,0.0,0.0,0.0,0.0,0.0,0.0,0.0,0.0,0.0,0.0,0.0,0.0,0.0,0.0,0.0,0.0,0.0,0.0,0.0,0.0,0.0,0.0,0.0,0.0,0.0,0.0,0.0,0.0,0.0,0.0,0.0,0.0,0.0,0.0,0.0,0.0,0.0,0.0,0.0,0.0,0.0011923034894774,4.249769747884868e-05,0.0,0.0,0.0
gc19_pc.promCore::gencode::TP53I11::ENSG00000175274.14,3.4724000000000004,3.2166223,0.5,0.0,1.0,-0.8333333333333334,0.0833333333333333,3.0,0.75,0.0833333333333333,4.0,0.6222112,0.0015499078811999,5.0,0.0,0.0,0.0,0.0,0.0,0.0,0.0,0.0,0.0,0.0,0.0,0.0,0.0,0.0,0.0,0.0,0.0,0.0,0.0,0.0,0.0,0.0,5.0,0.0,0.0,0.0,0.0,0.0,1.0,0.0,0.562,0.0013874999999999,0.0,0.0,0.0,0.0,0.0,0.0,0.0,0.0,0.0,0.0,0.0,0.0,1.0,1.0,0.0,0.0,0.0,0.0,0.0,0.0,0.0,1.0,0.0,0.0,0.0,0.0,0.0,0.0,2.0,0.0,0.0,0.0,2.1893025032553384,0.305220864894074,600.0,19.095154891147025,0.0
gc19_pc.promCore::gencode::ZCRB1::ENSG00000139168.3,14.39,0.0,1.25,0.175,6.0,-0.8888889999999999,0.037036962963,3.0,1.1296296666666668,0.151234529321,9.0,0.789813,0.0,0.0,0.0,0.0,0.0,0.0,0.0,0.0,0.0,1.0,0.0,0.0,0.0,0.0,0.0,0.0,0.0,0.0,0.0,0.0,0.0,0.0,0.0,0.0,1.0,0.0,0.0,0.0,0.0,0.0,1.0,0.0,0.647,0.0,0.0,0.0,0.0,0.0,0.0,0.0,0.0,0.0,0.0,0.0,0.0,0.0,0.0,0.0,0.0,0.0,0.0,0.0,0.0,0.0,0.0,0.0,0.0,0.0,0.0,0.0,0.0,1.0,0.0,0.0,0.0,0.0,4.142102047112288,0.1180759140244809,525.0,19.536287062302016,0.0
lncrna.ncrna::gencode::RP11-547I7.2::ENSG00000237457.2,4.9684285714285705,20.43198795238095,0.9666667333333334,0.1119047190476381,15.0,-0.666667,0.0,1.0,0.94791675,0.1100693944444666,16.0,0.3343511428571428,0.0081118545031428,0.0,0.0,0.0,0.0,0.0,1.0,6.0,0.0,0.0,0.0,0.0,0.0,0.0,0.0,0.0,0.0,0.0,0.0,0.0,0.0,0.0,0.0,0.0,7.0,0.0,0.0,0.0,0.0,0.0,1.0,0.0,0.3312857142857143,0.0089799047619047,0.0,2.0,0.0,1.0,0.0,1.0,0.0,0.0,0.0,0.0,0.0,1.0,1.0,0.0,0.0,0.0,0.0,0.0,0.0,0.0,0.0,0.0,1.0,0.0,0.0,0.0,0.0,0.0,0.0,0.0,0.0,0.0,0.0204708534694206,0.0335380358435841,1216.0,14.176718576744149,0.0
lncrna.ncrna::mitranscriptome::G023316::G023316,2.1866,3.6631163,1.5571428571428572,2.113235482295516,14.0,-1.333333,0.0,1.0,1.5422222,1.9656294808466,15.0,0.3531676,0.0397739555747999,0.0,5.0,0.0,0.0,0.0,0.0,0.0,0.0,0.0,0.0,0.0,0.0,0.0,0.0,0.0,0.0,0.0,0.0,0.0,0.0,0.0,0.0,0.0,5.0,0.0,0.0,0.0,0.0,0.0,1.0,0.0,0.4279999999999999,0.0022124999999999,0.0,0.0,0.0,0.0,1.0,0.0,0.0,0.0,0.0,0.0,0.0,0.0,0.0,0.0,0.0,0.0,0.0,0.0,0.0,0.0,0.0,1.0,0.0,0.0,1.0,0.0,0.0,1.0,0.0,1.0,0.0,0.0,0.0090888228489808,0.0004118348532204,1142.0,15.564238821869942,0.0
lncrna.ncrna::mitranscriptome::G054152::G054152,0.384,0.0,0.0,0.0,0.0,-1.0,0.0,2.0,1.0,0.0,2.0,0.629174,0.0,1.0,0.0,0.0,0.0,0.0,0.0,0.0,0.0,0.0,0.0,0.0,0.0,0.0,0.0,0.0,0.0,0.0,0.0,0.0,0.0,0.0,0.0,0.0,1.0,0.0,0.0,0.0,0.0,0.0,1.0,0.0,0.498,0.0,0.0,0.0,0.0,0.0,0.0,0.0,0.0,0.0,0.0,0.0,1.0,0.0,0.0,0.0,0.0,0.0,0.0,0.0,0.0,0.0,0.0,0.0,0.0,0.0,0.0,0.0,0.0,0.0,0.0,0.0,0.0,0.0,1.5120280955821914,0.4527803435821554,179.0,19.745290256158626,0.0
lncrna.promCore::mitranscriptome::G043704::G043704,4.573,0.0,0.7083335,0.043981462963,4.0,0.0,0.0,0.0,0.7083335,0.043981462963,4.0,0.780635,0.0,0.0,0.0,0.0,0.0,0.0,1.0,0.0,0.0,0.0,0.0,0.0,0.0,0.0,0.0,0.0,0.0,0.0,0.0,0.0,0.0,0.0,0.0,0.0,1.0,0.0,0.0,0.0,0.0,0.0,1.0,0.0,0.453,0.0,0.0,1.0,0.0,0.0,0.0,0.0,0.0,0.0,0.0,0.0,0.0,0.0,0.0,0.0,0.0,0.0,0.0,0.0,0.0,0.0,0.0,0.0,0.0,0.0,0.0,0.0,0.0,0.0,0.0,0.0,0.0,0.0,0.0003179957302152,9.404279452469894e-06,888.0,10.487840033823051,0.0
lncrna.ss::gencode::NAV2-AS2::ENSG00000254453.1,0.0,0.0,1.0,0.0,4.0,-0.875,0.0625,4.0,0.9375,0.03125,8.0,0.0,0.0,0.0,0.0,0.0,0.0,0.0,0.0,0.0,0.0,0.0,0.0,0.0,0.0,0.0,0.0,0.0,0.0,0.0,0.0,0.0,0.0,0.0,0.0,0.0,0.0,0.0,0.0,0.0,0.0,0.0,0.0,0.0,0.0,0.0,0.0,0.0,0.0,0.0,0.0,0.0,0.0,0.0,0.0,0.0,0.0,0.0,0.0,0.0,0.0,0.0,0.0,0.0,0.0,0.0,0.0,0.0,0.0,0.0,0.0,0.0,0.0,0.0,0.0,0.0,0.0,0.0,0.1240632680734236,0.027655708756459,386.0,18.20846776367424,0.0
lncrna.ss::gencode::RP11-26O3.1::ENSG00000261198.1,1.345,0.0,1.0,0.0,1.0,-0.8333335,0.0555554444445,2.0,0.8888889999999999,0.037036962963,3.0,0.135032,0.0,1.0,0.0,0.0,0.0,0.0,0.0,0.0,0.0,0.0,0.0,0.0,0.0,0.0,0.0,0.0,0.0,0.0,0.0,0.0,0.0,0.0,0.0,0.0,1.0,0.0,0.0,0.0,0.0,0.0,1.0,0.0,0.393,0.0,1.0,0.0,0.0,0.0,0.0,0.0,0.0,0.0,0.0,0.0,0.0,0.0,0.0,0.0,0.0,0.0,0.0,0.0,0.0,0.0,0.0,0.0,0.0,0.0,0.0,0.0,0.0,0.0,0.0,0.0,0.0,0.0,0.003025052757957,0.0003849552518212,1018.0,10.158609688214478,0.0
lncrna.ss::mitranscriptome::G006776::G006776,0.0,0.0,1.3222222666666668,1.886772424338638,15.0,0.0,0.0,0.0,1.3222222666666668,1.886772424338638,15.0,0.0,0.0,0.0,0.0,0.0,0.0,0.0,0.0,0.0,0.0,0.0,0.0,0.0,0.0,0.0,0.0,0.0,0.0,0.0,0.0,0.0,0.0,0.0,0.0,0.0,0.0,0.0,0.0,0.0,0.0,0.0,0.0,0.0,0.0,0.0,0.0,0.0,0.0,0.0,0.0,0.0,0.0,0.0,0.0,0.0,0.0,0.0,0.0,0.0,0.0,0.0,0.0,0.0,0.0,0.0,0.0,0.0,0.0,0.0,0.0,0.0,0.0,0.0,0.0,0.0,0.0,0.0,1.3609161844727793,0.5022538619065473,895.0,17.379006001888587,0.0
lncrna.ss::mitranscriptome::G056189::G056189,4.638199999999999,35.33220848421054,1.2222223333333333,0.4814812962963333,3.0,-0.8611111666666668,0.0490740481481666,6.0,0.9814815555555556,0.1836419228395278,9.0,0.3730574000000001,0.023987524426042,0.0,24.0,0.0,0.0,0.0,0.0,0.0,0.0,0.0,0.0,0.0,0.0,0.0,0.0,0.0,0.0,0.0,0.0,0.0,0.0,0.0,0.0,0.0,20.0,0.0,0.0,3.0,1.0,0.0,1.263157894736842,0.2046783625730995,0.3945416666666667,0.0177393025362318,0.0,0.0,1.0,2.0,1.0,1.0,0.0,0.0,1.0,2.0,0.0,0.0,0.0,0.0,0.0,0.0,0.0,1.0,0.0,0.0,0.0,0.0,1.0,3.0,0.0,0.0,1.0,1.0,2.0,0.0,2.0,1.0,0.0024471378587163,0.0001833912106472,612.0,10.584962500721156,0.0
mirna_mat::mirbase_mature::hsa-miR-3173-5p::MIMAT0019214,0.0,0.0,0.875,0.0625,4.0,-1.0666666666666669,0.0133333333333333,3.0,0.9571428571428572,0.0461904761904761,7.0,0.0,0.0,0.0,0.0,0.0,0.0,0.0,0.0,0.0,0.0,0.0,0.0,0.0,0.0,0.0,0.0,0.0,0.0,0.0,0.0,0.0,0.0,0.0,0.0,0.0,0.0,0.0,0.0,0.0,0.0,0.0,0.0,0.0,0.0,0.0,0.0,0.0,0.0,0.0,0.0,0.0,0.0,0.0,0.0,0.0,0.0,0.0,0.0,0.0,0.0,0.0,0.0,0.0,0.0,0.0,0.0,0.0,0.0,0.0,0.0,0.0,0.0,0.0,0.0,0.0,0.0,0.0,0.0,0.0,674.0,18.90437589924272,0.0
smallrna.ncrna::rfam::tRNA::RF00005.166.3516,0.0,0.0,1.0,0.0,4.0,-0.9074074444444444,0.0354938070987777,9.0,0.9358974615384617,0.0256410106837692,13.0,0.0,0.0,0.0,0.0,0.0,0.0,0.0,0.0,0.0,0.0,0.0,0.0,0.0,0.0,0.0,0.0,0.0,0.0,0.0,0.0,0.0,0.0,0.0,0.0,0.0,0.0,0.0,0.0,0.0,0.0,0.0,0.0,0.0,0.0,0.0,0.0,0.0,0.0,0.0,0.0,0.0,0.0,0.0,0.0,0.0,0.0,0.0,0.0,0.0,0.0,0.0,0.0,0.0,0.0,0.0,0.0,0.0,0.0,0.0,0.0,0.0,0.0,0.0,0.0,0.0,0.0,0.0,0.0133134968503728,0.0055345251452158,403.0,17.11981249180419,0.0
