Hugo_Symbol,Frame_Shift_Del,Frame_Shift_Ins,In_Frame_Del,In_Frame_Ins,Missense_Mutation,Nonsense_Mutation,Nonstop_Mutation,Silent,Splice_Site,Translation_Start_Site,DEL,INS,SNP,pnum,gene length,silent,nonsense,splice site,missense,recurrent missense,normalized missense position entropy,frameshift indel,inframe indel,normalized mutation entropy,Mean Missense MGAEntropy,Mean VEST Score,lost start and stop,missense to silent,non-silent to silent,inactivating p-value,entropy p-value,vest p-value,combined p-value,expression_CCLE,replication_time,HiC_compartment,gene_betweeness,gene_degree,all_mean,all_var,up_mean,up_var,down_mean,down_var,dnam_mean,dnam_var,AAA_ref,AAC_ref,AAG_ref,AAT_ref,ACA_ref,ACC_ref,ACG_ref,ACT_ref,AGA_ref,AGC_ref,AGG_ref,ATA_ref,ATC_ref,ATG_ref,CAA_ref,CAC_ref,CAG_ref,CCA_ref,CCC_ref,CCG_ref,CGA_ref,CGC_ref,CTA_ref,CTC_ref,GAA_ref,GAC_ref,GCA_ref,GCC_ref,GGA_ref,GTA_ref,TAA_ref,TCA_ref,cadd_mean,cadd_var,exp_mean,exp_var,class
NTRK1,0.0,0.0,0.0,0.0,13.0,1.0,0.0,0.0,2.0,0.0,0.0,0.0,16.0,14.0,2391.0,0.0,0.0625,0.125,0.8125,0.0,1.0,0.0,0.0,0.925704883,0.545730472,0.6798125,0.0,13.0,16.0,0.414593698,0.817744522,0.534473544,0.798810243,20.52208149,208.0,0.04542559,0.055172583,1945.0,12.597743,3.68287,15.703462,3.7022803,-3.552,0.5951417,1.41204946,0.022563278,0.0,0.0,0.0,0.0,1.0,0.0,2.0,0.0,1.0,1.0,3.0,0.0,0.0,1.0,0.0,1.0,0.0,3.0,2.0,2.0,2.0,4.0,0.0,0.0,1.0,0.0,2.0,0.0,2.0,0.0,0.0,1.0,20.84879310344828,80.00063531280787,2.420577767168566,5.075615350379321,1.0
ALK,1.0,0.0,0.0,0.0,29.0,5.0,0.0,0.0,1.0,0.0,1.0,0.0,35.0,30.0,4863.0,0.0,0.138888889,0.027777778,0.805555556,0.0,1.0,0.027777778,0.0,0.894413445,0.542687694,0.670361111,0.0,29.0,36.0,0.714796283,0.0,0.00025,5.2e-08,17.62541206,882.0,0.01878041,0.000155371,62.0,3.6105,1.545601,6.412631,1.7581357,-3.333913,0.36725227,0.169472644,0.025378565,0.0,0.0,0.0,0.0,0.0,4.0,4.0,0.0,8.0,6.0,5.0,0.0,0.0,1.0,0.0,0.0,4.0,5.0,7.0,6.0,1.0,1.0,0.0,1.0,0.0,1.0,1.0,1.0,2.0,0.0,0.0,1.0,19.94001694915254,127.16530391350088,2.714814884690504,7.9678256318810465,1.0
ERBB2,0.0,0.0,0.0,4.0,4.0,0.0,0.0,0.0,1.0,0.0,0.0,4.0,5.0,9.0,3768.0,0.0,0.0,0.111111111,0.444444444,0.0,1.0,0.0,0.444444444,0.719586776,0.816385609,0.721333333,0.0,4.0,9.0,0.992063492,0.0,0.0,2.4e-09,20.29332795,226.0,0.03763767,0.000661984,122.0,7.612353,2.3772711,11.956363,3.2148775,-0.35166666,0.001255767,0.940549076,0.043896866,0.0,0.0,0.0,0.0,0.0,2.0,1.0,0.0,4.0,1.0,0.0,0.0,0.0,0.0,0.0,0.0,1.0,0.0,0.0,0.0,0.0,1.0,0.0,0.0,0.0,0.0,0.0,0.0,2.0,0.0,0.0,2.0,16.198785714285716,83.91267202747255,8.905685337889922,19.04508967381437,1.0
ROS1,2.0,0.0,0.0,0.0,18.0,1.0,0.0,0.0,2.0,0.0,2.0,0.0,21.0,23.0,7044.0,0.0,0.043478261,0.086956522,0.782608696,0.0,1.0,0.086956522,0.0,0.888413825,0.767424411,0.621,0.0,18.0,23.0,0.2356823,1.0,0.564015792,0.887012424,17.36394394,310.0,-0.01750335,6.16e-07,6.0,-3.1704254,1.0554689,1.931,0.12513079,-12.172941,1.4586071,0.562974476,0.017169123,0.0,0.0,0.0,1.0,2.0,4.0,0.0,2.0,7.0,0.0,2.0,1.0,1.0,0.0,0.0,0.0,2.0,3.0,0.0,1.0,0.0,0.0,0.0,0.0,0.0,0.0,1.0,0.0,1.0,1.0,0.0,1.0,22.05403333333333,55.07507286091954,7.362730544647779,15.056512579128624,1.0
KRAS,0.0,0.0,0.0,0.0,160.0,1.0,0.0,0.0,0.0,0.0,0.0,0.0,161.0,157.0,570.0,0.0,0.00621118,0.0,0.99378882,0.944099379,0.101678792,0.0,0.0,0.100295824,0.257157871,0.917726708,0.0,160.0,161.0,1.0,0.0,0.0,2.4e-09,17.98367001,512.0,0.0163318,0.000268849,37.0,7.84578,7.6915175,13.227977,9.031405,-6.583085,1.2687159,0.346080888,0.005090106,0.0,0.0,1.0,0.0,0.0,77.0,0.0,0.0,0.0,1.0,0.0,0.0,1.0,0.0,2.0,0.0,0.0,85.0,0.0,0.0,0.0,0.0,0.0,0.0,0.0,0.0,0.0,3.0,0.0,0.0,1.0,3.0,28.067241379310342,5.140018935618891,7.406156688763761,14.854206864074952,1.0
BRAF,0.0,0.0,1.0,0.0,42.0,2.0,0.0,0.0,1.0,0.0,1.0,0.0,45.0,42.0,2301.0,0.0,0.043478261,0.02173913,0.913043478,0.630434783,0.657586592,0.0,0.02173913,0.660333537,0.336914988,0.835304348,0.0,42.0,46.0,1.0,0.0,0.0,2.4e-09,18.21935147,616.0,0.02459647,4.78e-05,42.0,8.2520425,3.813591,10.431266,4.1245654,-4.045,0.3240095,0.476168853,0.015696255,0.0,0.0,0.0,0.0,1.0,0.0,1.0,1.0,0.0,2.0,3.0,0.0,5.0,0.0,0.0,10.0,0.0,4.0,1.0,0.0,0.0,1.0,0.0,1.0,0.0,0.0,0.0,1.0,15.0,0.0,0.0,5.0,28.08860784313725,33.56104964313727,5.180995400364036,8.889751394141436,1.0
EGFR,1.0,0.0,26.0,2.0,54.0,2.0,0.0,0.0,0.0,0.0,27.0,2.0,56.0,68.0,3633.0,0.0,0.023529412,0.0,0.635294118,0.364705882,0.638400248,0.011764706,0.329411765,0.523249215,0.379548188,0.904764706,0.0,54.0,85.0,1.0,0.0,0.0,2.4e-09,18.69196531,336.0,-0.01337574,0.017936716,800.0,24.875212,18.592429,30.362043,20.548563,-1.9710716,0.42619095,0.224984982,0.00658764,1.0,2.0,3.0,0.0,2.0,0.0,4.0,0.0,3.0,4.0,1.0,0.0,1.0,1.0,0.0,0.0,26.0,1.0,4.0,1.0,1.0,2.0,0.0,0.0,1.0,0.0,0.0,2.0,0.0,0.0,0.0,5.0,27.21647692307692,72.06504006586539,7.366333897363137,15.52796819965705,1.0
MET,1.0,0.0,0.0,0.0,10.0,1.0,0.0,0.0,8.0,0.0,3.0,0.0,17.0,20.0,4227.0,0.0,0.055555556,0.333333333,0.555555556,0.0,1.0,0.055555556,0.0,0.680250045,0.726793238,0.716055556,0.0,10.0,18.0,0.061583939,1.0,0.065466448,0.243942226,19.09049522,262.0,0.002308467,7.15e-05,34.0,6.605854,3.0464621,10.036333,3.6996204,-2.75,0.14105161,0.293359806,0.005445631,0.0,0.0,0.0,2.0,3.0,6.0,0.0,1.0,2.0,1.0,0.0,0.0,0.0,0.0,0.0,0.0,0.0,0.0,0.0,0.0,0.0,2.0,1.0,0.0,1.0,0.0,0.0,0.0,0.0,2.0,0.0,2.0,24.52917391304348,101.12578678656126,8.716423657575435,18.265440274912148,1.0
NTRK2,1.0,0.0,0.0,0.0,15.0,3.0,0.0,0.0,0.0,0.0,1.0,0.0,18.0,19.0,2517.0,0.0,0.157894737,0.0,0.789473684,0.0,1.0,0.052631579,0.0,0.900880458,0.528048115,0.738842105,0.0,15.0,19.0,0.50530571,1.0,0.103680664,0.33866663,14.08875677,692.0,0.001115233,4.82e-05,24.0,-4.8416216,1.7131213,3.4337502,0.37505934,-11.146667,1.8370567,0.422230751,0.044659731,0.0,0.0,0.0,1.0,2.0,1.0,0.0,0.0,4.0,1.0,1.0,0.0,2.0,2.0,0.0,0.0,0.0,6.0,4.0,2.0,1.0,2.0,0.0,1.0,0.0,0.0,2.0,0.0,2.0,1.0,0.0,1.0,20.67194444444445,103.61835896825396,5.388305246709063,13.308619172707262,1.0
RET,0.0,1.0,0.0,0.0,17.0,1.0,0.0,0.0,0.0,0.0,0.0,1.0,18.0,18.0,3345.0,0.0,0.052631579,0.0,0.894736842,0.0,1.0,0.052631579,0.0,0.950440229,1.243051507,0.494315789,0.0,17.0,19.0,0.708717222,1.0,0.176366843,0.48239667,18.79254916,563.0,-0.01916108,0.000140308,30.0,3.205122,2.3085555,7.615162,1.6413271,-10.466,2.0426031,0.457409551,0.135697326,0.0,0.0,0.0,0.0,1.0,1.0,6.0,0.0,0.0,1.0,2.0,0.0,0.0,1.0,0.0,1.0,0.0,1.0,3.0,2.0,1.0,1.0,0.0,0.0,0.0,1.0,1.0,2.0,1.0,0.0,0.0,2.0,14.97292857142857,153.32358021693122,5.547955543385483,13.49944422950118,1.0
NTRK3,0.0,0.0,0.0,0.0,46.0,1.0,0.0,0.0,1.0,0.0,0.0,0.0,48.0,43.0,2520.0,0.0,0.020833333,0.020833333,0.958333333,0.0,1.0,0.0,0.0,0.985078981,0.603555431,0.618770833,0.0,46.0,48.0,0.733675715,0.967819791,0.804505229,0.973454782,16.92600289,730.0,-0.05718258,1.33e-05,11.0,-2.1727,1.7091257,5.3520832,1.2859753,-9.118654,1.1077609,0.610188216,0.078285132,1.0,0.0,2.0,0.0,6.0,3.0,6.0,3.0,5.0,6.0,3.0,1.0,1.0,2.0,0.0,1.0,0.0,8.0,7.0,3.0,0.0,2.0,0.0,1.0,0.0,1.0,0.0,3.0,4.0,2.0,0.0,4.0,21.42144,56.52946279027029,2.9062067159320306,6.385824064969055,1.0
DOCK5,1.0,0.0,0.0,0.0,14.0,1.0,0.0,0.0,2.0,0.0,1.0,0.0,17.0,17.0,5613.0,0.0,0.055555556,0.111111111,0.777777778,0.0,1.0,0.055555556,0.0,0.893416682,0.48919185,0.739166667,0.0,14.0,18.0,0.76394194,1.0,0.238095238,0.57978203,17.44689752,512.0,0.01390744,2.17e-07,2.0,-13.28158,6.7928165,2.255,0.34008087,-22.344583,8.40896,0.039076486,0.000144413,0.0,0.0,0.0,0.0,1.0,1.0,1.0,0.0,1.0,0.0,2.0,0.0,0.0,0.0,1.0,2.0,2.0,2.0,1.0,4.0,1.0,0.0,0.0,0.0,0.0,0.0,0.0,0.0,1.0,0.0,1.0,3.0,23.837083333333336,70.17040416666667,6.4156178011876,12.478282257815753,0.0
CELF3,0.0,0.0,0.0,0.0,4.0,0.0,0.0,0.0,0.0,0.0,0.0,0.0,4.0,4.0,1398.0,0.0,0.0,0.0,1.0,0.0,1.0,0.0,0.0,1.0,0.454345997,0.62775,0.0,4.0,4.0,0.823723229,1.0,0.059259259,0.226716044,20.20743263,255.0,0.02879102,2.75e-06,7.0,4.8544444,2.0498281,8.578333,2.7367095,-2.5933333,0.10947733,0.476521621,0.027385576,0.0,0.0,0.0,0.0,0.0,0.0,0.0,0.0,0.0,0.0,0.0,0.0,0.0,0.0,0.0,0.0,1.0,0.0,0.0,1.0,2.0,1.0,0.0,0.0,0.0,0.0,0.0,2.0,0.0,0.0,0.0,1.0,21.52875,10.402326785714294,4.161572611121681,11.5422531735332,0.0
CPN1,0.0,0.0,0.0,0.0,10.0,2.0,0.0,0.0,0.0,0.0,0.0,0.0,12.0,12.0,1377.0,0.0,0.166666667,0.0,0.833333333,0.0,1.0,0.0,0.0,0.953509509,0.86877032,0.65475,0.0,10.0,12.0,0.405679513,1.0,0.191204589,0.507535617,20.02535994,188.0,0.05107856,7.47e-07,3.0,-0.61439998,1.1554118,4.229375,0.5267851,-9.2255555,1.1750602,0.67037402,0.011890315,0.0,0.0,0.0,0.0,0.0,1.0,2.0,1.0,0.0,0.0,3.0,0.0,0.0,0.0,1.0,0.0,1.0,1.0,2.0,1.0,1.0,0.0,0.0,0.0,0.0,1.0,0.0,0.0,0.0,0.0,0.0,1.0,20.76275,138.77656913333334,2.542575218327732,9.770271394297575,0.0
KRT28,0.0,0.0,0.0,0.0,7.0,2.0,0.0,0.0,0.0,0.0,0.0,0.0,9.0,9.0,1395.0,0.0,0.222222222,0.0,0.777777778,0.0,1.0,0.0,0.0,0.929896694,0.575005677,0.660333333,0.0,7.0,9.0,0.414078675,0.64965,0.00827,0.033452218,19.67432194,269.0,-0.00956022,0.0,1.0,-2.601111,2.052999,2.7955554,0.276453,-7.997777,3.4308795,0.476521621,0.027385576,0.0,0.0,0.0,0.0,0.0,0.0,1.0,0.0,2.0,0.0,0.0,0.0,0.0,0.0,0.0,0.0,0.0,2.0,0.0,2.0,1.0,0.0,0.0,0.0,0.0,0.0,2.0,1.0,0.0,0.0,0.0,2.0,25.239692307692312,257.22277656410256,0.0912918583152022,0.2402213830839291,0.0
NPL,0.0,0.0,0.0,0.0,4.0,0.0,0.0,0.0,0.0,0.0,0.0,0.0,4.0,4.0,963.0,0.0,0.0,0.0,1.0,0.0,1.0,0.0,0.0,1.0,0.547241935,0.75025,0.0,4.0,4.0,1.0,1.0,0.526038927,0.863955846,19.31331818,626.0,0.02209113,1.91e-06,5.0,6.422,2.5881106,12.713334,3.266711,-3.015,0.3407697,1.627070981,0.009938835,1.0,0.0,0.0,0.0,0.0,0.0,0.0,0.0,1.0,0.0,0.0,0.0,0.0,0.0,0.0,0.0,1.0,0.0,1.0,0.0,0.0,0.0,0.0,0.0,0.0,0.0,0.0,0.0,0.0,1.0,0.0,1.0,20.8295,124.5676935,6.116871522541381,12.162718275247212,0.0
EHMT1,0.0,0.0,0.0,0.0,13.0,0.0,0.0,0.0,0.0,0.0,0.0,0.0,13.0,12.0,3897.0,0.0,0.0,0.0,1.0,0.0,1.0,0.0,0.0,0.958424899,1.351432328,0.287384615,0.0,13.0,13.0,0.734214391,1.0,0.659195781,0.933905537,19.27696028,451.6807753,0.019400984,4.06e-05,34.0,0.018846098,1.9832127,6.525,1.4185265,-10.391,1.1881248,0.476521621,0.027385576,0.0,0.0,0.0,0.0,0.0,0.0,1.0,0.0,1.0,0.0,0.0,0.0,0.0,0.0,0.0,0.0,2.0,1.0,1.0,1.0,2.0,0.0,0.0,0.0,1.0,0.0,1.0,5.0,2.0,0.0,0.0,3.0,14.977095238095242,120.4183708904762,7.023986752019622,11.814410074565195,0.0
MSRB3,0.0,0.0,0.0,0.0,3.0,0.0,0.0,0.0,0.0,0.0,0.0,0.0,3.0,3.0,579.0,0.0,0.0,0.0,1.0,0.0,1.0,0.0,0.0,1.0,0.929015696,0.564666667,0.0,3.0,3.0,0.661375661,1.0,0.172771251,0.476120734,18.30895712,580.0,0.002996124,7.3e-06,8.0,5.3766668,2.6767487,7.99,2.8337223,-7.69,1.5927704,0.363836684,0.111202007,0.0,0.0,0.0,0.0,0.0,0.0,0.0,0.0,0.0,0.0,0.0,2.0,0.0,0.0,0.0,0.0,0.0,5.0,0.0,1.0,0.0,0.0,0.0,0.0,0.0,0.0,0.0,0.0,0.0,0.0,0.0,0.0,18.291,81.72145942857144,6.441478979603757,12.677335270766694,0.0
CREB3L1,0.0,0.0,0.0,0.0,4.0,0.0,0.0,0.0,0.0,0.0,0.0,0.0,4.0,3.0,1560.0,0.0,0.0,0.0,1.0,0.0,1.0,0.0,0.0,1.0,0.979102402,0.3415,0.0,4.0,4.0,0.506072874,1.0,0.988142292,0.999929418,19.61237971,158.0,0.03649365,0.000240668,22.0,0.9157143,0.12317696,2.865,0.09620367,-1.6833333,0.047905336,0.476521621,0.027385576,0.0,0.0,0.0,0.0,0.0,0.0,0.0,0.0,0.0,0.0,0.0,0.0,0.0,0.0,0.0,0.0,0.0,0.0,1.0,1.0,0.0,0.0,0.0,0.0,0.0,0.0,0.0,0.0,2.0,0.0,0.0,1.0,20.52,60.27595000000001,7.708930090829692,15.993004648960202,0.0
FBXO47,0.0,0.0,0.0,0.0,7.0,1.0,0.0,0.0,0.0,0.0,0.0,0.0,8.0,8.0,1359.0,0.0,0.125,0.0,0.875,0.0,1.0,0.0,0.0,1.0,0.753347115,0.528625,0.0,7.0,8.0,0.894454383,1.0,0.183016105,0.493810601,20.26139138,143.0,0.03113804,0.0,0.0,1.9405883,1.4283354,8.614445,1.056133,-5.5675,0.8408514,0.476521621,0.027385576,0.0,0.0,0.0,0.0,0.0,1.0,0.0,1.0,1.0,0.0,1.0,2.0,1.0,0.0,0.0,0.0,2.0,0.0,0.0,0.0,1.0,0.0,0.0,0.0,0.0,0.0,0.0,0.0,1.0,0.0,0.0,4.0,15.641733333333333,80.71746106666667,0.4628886424075736,1.764505807814383,0.0
C1orf127,0.0,1.0,0.0,0.0,10.0,0.0,0.0,0.0,0.0,0.0,0.0,1.0,10.0,11.0,2472.0,0.0,0.0,0.0,0.909090909,0.0,1.0,0.090909091,0.0,1.0,1.727254965,0.260454545,0.0,10.0,11.0,0.06569439,1.0,0.84317032,0.987003626,19.42210605,307.0,0.03305037,0.0,0.0,-1.6404167,0.8580889,2.126875,0.13703583,-9.175,1.5525875,1.531664062,0.028073888,0.0,0.0,1.0,0.0,1.0,1.0,1.0,0.0,1.0,1.0,1.0,0.0,0.0,0.0,0.0,0.0,0.0,0.0,1.0,2.0,0.0,1.0,0.0,0.0,0.0,0.0,0.0,0.0,1.0,0.0,0.0,0.0,9.326333333333334,55.25278096969698,3.149387309736896,7.187768662365588,0.0
IGKV3D-11,0.0,0.0,0.0,0.0,10.0,2.0,0.0,0.0,0.0,0.0,0.0,0.0,12.0,12.0,345.0,0.0,0.166666667,0.0,0.833333333,0.0,1.0,0.0,0.0,0.953509509,1.404268023,0.45925,0.0,10.0,12.0,0.644248953,0.938351433,0.431723848,0.650845454,19.27696028,451.6807753,0.019400984,0.0,0.0,5.3413637,1.30351335,7.201176,1.5390956,-0.9819999,0.0402477,0.476521621,0.027385576,0.0,0.0,0.0,0.0,0.0,0.0,0.0,1.0,0.0,0.0,1.0,0.0,0.0,0.0,0.0,0.0,1.0,3.0,0.0,0.0,0.0,0.0,0.0,0.0,0.0,0.0,2.0,6.0,0.0,0.0,0.0,1.0,14.741333333333332,122.00837909523808,5.181880883332778,10.085242561642044,0.0
KRT86,0.0,0.0,0.0,0.0,1.0,1.0,0.0,0.0,0.0,0.0,0.0,0.0,2.0,2.0,1461.0,0.0,0.5,0.0,0.5,0.0,1.0,0.0,0.0,1.0,1.235204849,0.615,0.0,1.0,2.0,0.341180484,1.0,0.715819613,0.955137495,19.67939505,175.0,0.04751863,2.63e-06,6.0,10.783333,1.930334,16.37,1.9880177,-0.39,1.5927704,0.476521621,0.027385576,0.0,0.0,0.0,0.0,0.0,0.0,0.0,0.0,0.0,0.0,0.0,0.0,0.0,0.0,0.0,0.0,0.0,0.0,0.0,0.0,0.0,1.0,0.0,1.0,0.0,0.0,1.0,0.0,0.0,0.0,0.0,1.0,20.715,207.67156666666665,4.154534340052254,10.23237213416271,0.0
FKBP15,0.0,0.0,0.0,0.0,4.0,0.0,0.0,0.0,0.0,0.0,0.0,0.0,4.0,4.0,3660.0,0.0,0.0,0.0,1.0,0.0,1.0,0.0,0.0,1.0,1.056623214,0.30125,0.0,4.0,4.0,0.062111801,1.0,0.571428571,0.891209022,18.7746259,456.0,0.008922902,1.55e-05,13.0,-4.2,0.56171,1.0400001,0.006050001,-6.82,0.65959063,0.476521621,0.027385576,0.0,0.0,0.0,0.0,0.0,0.0,0.0,1.0,1.0,1.0,0.0,1.0,0.0,0.0,0.0,0.0,0.0,0.0,0.0,0.0,0.0,2.0,0.0,1.0,0.0,0.0,0.0,0.0,0.0,0.0,0.0,0.0,18.965714285714284,24.763961904761903,7.13504179053923,12.088622831651552,0.0
POLDIP3,0.0,0.0,0.0,0.0,1.0,0.0,0.0,0.0,0.0,0.0,0.0,0.0,1.0,1.0,1266.0,0.0,0.0,0.0,1.0,0.0,1.0,0.0,0.0,1.0,0.484334471,0.738,0.0,1.0,1.0,0.481231954,1.0,0.889679715,0.993677715,19.80200068,189.0,0.06933055,6.71e-05,34.0,-1.0749999,0.003612499,7.4409455,2.3752002,-1.0749999,0.003612499,0.104233517,0.027385576,1.0,0.0,0.0,0.0,0.0,0.0,0.0,2.0,1.0,0.0,0.0,0.0,0.0,0.0,0.0,0.0,0.0,0.0,0.0,0.0,0.0,0.0,0.0,0.0,0.0,1.0,0.0,0.0,0.0,0.0,0.0,0.0,9.7784,97.8027248,7.545204949569587,12.505533609467738,0.0
PNPLA2,0.0,0.0,0.0,0.0,1.0,0.0,0.0,0.0,0.0,0.0,0.0,0.0,1.0,1.0,1515.0,0.0,0.0,0.0,1.0,0.0,1.0,0.0,0.0,1.0,1.46586138,0.129,0.0,1.0,1.0,1.0,1.0,0.040918205,0.17170016,20.77877739,232.0,0.05136765,0.000118142,12.0,-1.925,0.10442451,0.36,2.3752002,-4.21,1.5927704,0.713761681,0.027385576,0.0,0.0,0.0,0.0,0.0,0.0,0.0,0.0,0.0,0.0,0.0,0.0,0.0,0.0,0.0,0.0,0.0,0.0,0.0,0.0,0.0,0.0,0.0,0.0,0.0,0.0,0.0,0.0,0.0,0.0,0.0,1.0,24.2,81.85512067676841,7.389173747332621,13.29393657034203,0.0
ARPC5,0.0,0.0,0.0,0.0,0.0,0.0,0.0,0.0,0.0,0.0,0.0,0.0,0.0,0.0,465.0,0.0,0.0,0.0,0.0,0.0,0.0,0.0,0.0,0.0,0.0,0.0,0.0,0.0,0.0,1.0,1.0,0.357270454,0.724995431,19.2139818,407.0,0.02430015,2.39e-05,28.0,6.717143,2.9417917,10.890333,3.4464933,-3.7158333,0.2162599,0.00719845,0.142605998,0.0,0.0,0.0,0.0,2.0,0.0,0.0,0.0,0.0,0.0,0.0,0.0,0.0,0.0,0.0,0.0,0.0,0.0,0.0,0.0,0.0,0.0,0.0,0.0,0.0,0.0,0.0,0.0,0.0,0.0,0.0,0.0,8.921,0.0,8.528178712347827,15.396270309823672,0.0
PCDHGB7,0.0,1.0,0.0,0.0,9.0,3.0,0.0,0.0,0.0,0.0,0.0,1.0,12.0,12.0,2790.0,0.0,0.230769231,0.0,0.692307692,0.0,1.0,0.076923077,0.0,0.833699597,1.176284626,0.601846154,0.0,9.0,13.0,0.588235294,1.0,0.022575402,0.108156366,19.33759033,568.0,0.002360469,0.0,0.0,-4.095,0.9104247,1.19125005,0.08376332,-10.1364285,1.1973012,0.8949707,0.038507679,0.0,0.0,0.0,0.0,0.0,0.0,1.0,0.0,2.0,1.0,0.0,0.0,0.0,0.0,1.0,2.0,0.0,1.0,0.0,0.0,3.0,1.0,0.0,0.0,0.0,1.0,1.0,0.0,2.0,0.0,1.0,1.0,22.76377777777778,85.81394959477127,5.065978217759476,10.033018425377373,0.0
PPM1E,0.0,0.0,0.0,0.0,5.0,0.0,0.0,0.0,0.0,0.0,0.0,0.0,5.0,5.0,2268.0,0.0,0.0,0.0,1.0,0.0,1.0,0.0,0.0,1.0,0.755459243,0.627,0.0,5.0,5.0,0.735294118,1.0,0.00975,0.054897258,18.84014417,448.0,0.01104373,7.37e-06,8.0,6.433846,2.4129387,8.050909,2.6976103,-2.4600001,0.109512,0.840135735,0.076418645,0.0,0.0,0.0,0.0,0.0,2.0,0.0,0.0,0.0,0.0,0.0,0.0,0.0,0.0,2.0,0.0,0.0,0.0,2.0,0.0,0.0,0.0,3.0,0.0,0.0,0.0,0.0,0.0,2.0,1.0,0.0,0.0,21.735000000000003,28.825445454545445,3.785232922363409,9.318317158834542,0.0
PIGL,0.0,0.0,0.0,0.0,2.0,0.0,0.0,0.0,0.0,0.0,0.0,0.0,2.0,2.0,759.0,0.0,0.0,0.0,1.0,0.0,1.0,0.0,0.0,1.0,1.016115141,0.441,0.0,2.0,2.0,0.665335995,1.0,0.310077519,0.673157504,19.78790814,163.0,-0.000345205,0.0,1.0,-6.5175004,21.291773,21.47,8.9379914,-34.505,23.605321,0.125169102,0.000882026,0.0,0.0,0.0,0.0,0.0,0.0,0.0,0.0,0.0,0.0,1.0,0.0,0.0,1.0,0.0,0.0,1.0,0.0,0.0,0.0,0.0,0.0,0.0,0.0,0.0,0.0,0.0,0.0,0.0,0.0,0.0,0.0,13.495,135.021775,4.33141501578752,7.442780204927271,0.0
ADH7,0.0,0.0,0.0,0.0,11.0,0.0,0.0,0.0,1.0,0.0,0.0,0.0,12.0,11.0,1185.0,0.0,0.0,0.083333333,0.916666667,0.0,1.0,0.0,0.0,1.0,0.822161169,0.591333333,0.0,11.0,12.0,0.903342367,1.0,0.065355206,0.243638859,18.34492132,854.0,0.01164734,0.0,4.0,-5.216818,1.7515946,3.3800002,0.23258226,-11.168461,1.9722072,0.476521621,0.027385576,0.0,0.0,0.0,0.0,0.0,3.0,0.0,0.0,0.0,0.0,2.0,0.0,0.0,0.0,0.0,0.0,1.0,3.0,1.0,0.0,0.0,3.0,0.0,0.0,0.0,0.0,0.0,2.0,2.0,0.0,0.0,0.0,18.60788235294117,73.16926861029411,4.196706558163824,12.330134191499598,0.0
EML3,0.0,0.0,0.0,0.0,4.0,0.0,0.0,0.0,0.0,0.0,0.0,0.0,4.0,4.0,2691.0,0.0,0.0,0.0,1.0,0.0,1.0,0.0,0.0,1.0,0.513612701,0.57975,0.0,4.0,4.0,0.840336134,1.0,0.309214595,0.672145875,21.36226491,217.0,0.04235029,4.93e-06,6.0,5.728889,0.68695513,5.728889,0.68695513,-8.287615,1.5927704,0.105402905,0.00035309,0.0,0.0,0.0,0.0,0.0,0.0,0.0,0.0,1.0,0.0,0.0,0.0,0.0,0.0,0.0,0.0,0.0,2.0,1.0,0.0,0.0,0.0,0.0,1.0,0.0,0.0,0.0,0.0,0.0,0.0,0.0,2.0,24.93,31.87836666666666,6.8594793521012924,11.36788113888004,0.0
ZNF30,0.0,0.0,0.0,0.0,3.0,0.0,0.0,0.0,0.0,0.0,0.0,0.0,3.0,3.0,1875.0,0.0,0.0,0.0,1.0,0.0,1.0,0.0,0.0,1.0,1.329511377,0.146,0.0,3.0,3.0,0.654450262,1.0,0.195924765,0.515286941,19.78595383,549.0,-0.05749332,0.0,1.0,9.3757145,3.2562155,13.854,4.0033024,-1.8199999,0.014449998,0.476521621,0.027385576,0.0,0.0,0.0,0.0,0.0,0.0,0.0,0.0,0.0,0.0,0.0,0.0,0.0,0.0,0.0,0.0,0.0,1.0,0.0,0.0,0.0,0.0,0.0,0.0,0.0,0.0,0.0,2.0,1.0,0.0,0.0,0.0,9.78725,17.55006358333333,4.526676079682852,8.175011852056464,0.0
CCBE1,0.0,0.0,0.0,0.0,5.0,0.0,0.0,0.0,0.0,0.0,0.0,0.0,5.0,5.0,1221.0,0.0,0.0,0.0,1.0,0.0,1.0,0.0,0.0,1.0,0.408055671,0.6302,0.0,5.0,5.0,0.088644624,1.0,0.018571482,0.092599787,17.97386942,491.0,0.02366969,4.27e-07,5.0,0.15499997,0.5750772,4.112,0.5431842,-3.802,0.35929324,0.476521621,0.027385576,0.0,0.0,0.0,0.0,0.0,0.0,1.0,0.0,1.0,0.0,1.0,0.0,0.0,0.0,0.0,0.0,1.0,3.0,1.0,2.0,0.0,0.0,1.0,1.0,0.0,0.0,0.0,2.0,0.0,0.0,0.0,0.0,16.92957142857143,136.75045810989016,4.7300845817080495,11.107063504983996,0.0
GNGT1,0.0,0.0,0.0,0.0,4.0,0.0,0.0,0.0,0.0,0.0,0.0,0.0,4.0,3.0,225.0,0.0,0.0,0.0,1.0,0.0,1.0,0.0,0.0,1.0,0.901767454,0.576,0.0,4.0,4.0,0.090293454,1.0,0.931098696,0.997569829,17.79948021,480.0,-0.01200448,1.36e-06,5.0,5.44875,0.65822126,7.7133335,0.6733047,-1.345,0.010224501,0.476521621,0.027385576,0.0,0.0,0.0,0.0,0.0,0.0,1.0,1.0,0.0,0.0,2.0,0.0,0.0,1.0,0.0,0.0,0.0,0.0,0.0,0.0,0.0,0.0,0.0,0.0,0.0,0.0,0.0,0.0,0.0,1.0,0.0,0.0,16.3245,65.87531750000001,1.823269211224304,5.427989724438953,0.0
SCN3B,0.0,0.0,0.0,0.0,5.0,0.0,0.0,0.0,0.0,0.0,0.0,0.0,5.0,5.0,648.0,0.0,0.0,0.0,1.0,0.0,1.0,0.0,0.0,1.0,0.424477278,0.7292,0.0,5.0,5.0,1.0,1.0,0.872600349,0.991516246,19.37883015,451.0,0.00639942,0.0,0.0,2.8458335,1.312963,5.83,1.6780606,-3.1225,0.18630291,0.204994295,0.009528135,0.0,0.0,1.0,0.0,0.0,0.0,0.0,0.0,1.0,0.0,1.0,0.0,0.0,1.0,0.0,0.0,1.0,0.0,1.0,0.0,1.0,0.0,0.0,0.0,0.0,0.0,1.0,3.0,1.0,0.0,0.0,1.0,17.151,83.19266866666668,3.16522036410614,6.963744815031788,0.0
VRK2,0.0,0.0,0.0,0.0,3.0,1.0,0.0,0.0,1.0,0.0,0.0,0.0,5.0,5.0,1527.0,0.0,0.2,0.2,0.6,0.0,1.0,0.0,0.0,0.827729377,0.766839365,0.7018,0.0,3.0,5.0,0.084416681,1.0,0.390930414,0.758102308,17.59748811,479.0,0.007548692,1.52e-05,19.0,11.912222,4.7474306,16.514285,5.2015085,-4.195,0.0990125,0.132251322,0.000134016,0.0,0.0,0.0,0.0,1.0,1.0,0.0,0.0,0.0,0.0,0.0,0.0,0.0,0.0,1.0,0.0,1.0,0.0,0.0,0.0,0.0,0.0,0.0,0.0,0.0,0.0,0.0,0.0,0.0,0.0,0.0,2.0,23.915000000000003,92.00735,6.194931273212598,10.473863138408008,0.0
TDG,1.0,0.0,0.0,0.0,3.0,0.0,0.0,0.0,0.0,0.0,1.0,0.0,3.0,4.0,1233.0,0.0,0.0,0.0,0.75,0.0,1.0,0.25,0.0,1.0,0.351664688,0.8505,0.0,3.0,4.0,1.0,1.0,0.014999925,0.077995261,20.18338217,281.0,0.04017227,2.42e-05,29.0,-4.2737503,0.487374,0.5266667,0.004534333,-7.1540006,0.57410933,0.36848582,0.030882535,0.0,0.0,0.0,0.0,0.0,0.0,0.0,1.0,1.0,0.0,0.0,0.0,0.0,0.0,0.0,0.0,0.0,0.0,0.0,0.0,0.0,0.0,0.0,0.0,0.0,0.0,0.0,2.0,0.0,0.0,0.0,1.0,23.142,38.19892,6.261622126009296,11.317177262984792,0.0
ZPLD1,0.0,0.0,0.0,0.0,15.0,1.0,0.0,0.0,0.0,0.0,0.0,0.0,16.0,16.0,1296.0,0.0,0.0625,0.0,0.9375,0.0,1.0,0.0,0.0,1.0,0.717177882,0.6179375,0.0,15.0,16.0,0.922509225,1.0,0.044905474,0.184255942,16.0549841,621.0,-0.01036676,0.0,0.0,-0.5354546,2.3505721,6.391053,1.953926,-9.935714,1.4277711,0.476521621,0.027385576,0.0,0.0,0.0,0.0,0.0,0.0,1.0,1.0,1.0,1.0,0.0,0.0,0.0,0.0,1.0,0.0,1.0,1.0,2.0,0.0,1.0,1.0,1.0,0.0,0.0,0.0,2.0,1.0,2.0,0.0,1.0,2.0,20.990250000000003,63.73222756578948,2.771600136962146,8.445514418421192,0.0
GPR61,0.0,0.0,0.0,0.0,8.0,0.0,0.0,0.0,0.0,0.0,0.0,0.0,8.0,8.0,1356.0,0.0,0.0,0.0,1.0,0.0,1.0,0.0,0.0,1.0,0.712845369,0.46875,0.0,8.0,8.0,1.0,1.0,0.722021661,0.957184216,20.01039561,272.0,0.03738143,0.0,1.0,-3.4535293,1.461788,2.4836365,0.29340188,-14.338334,1.8936718,1.54833607,0.056818624,0.0,0.0,0.0,0.0,0.0,0.0,0.0,0.0,0.0,1.0,0.0,0.0,0.0,1.0,0.0,0.0,0.0,3.0,4.0,2.0,0.0,0.0,0.0,0.0,0.0,0.0,0.0,0.0,3.0,0.0,0.0,1.0,20.446666666666665,20.797423809523814,0.4859498121040275,0.7135576366499612,0.0
ACER2,0.0,0.0,0.0,0.0,4.0,0.0,0.0,0.0,1.0,0.0,0.0,0.0,5.0,5.0,828.0,0.0,0.0,0.2,0.8,0.0,1.0,0.0,0.0,1.0,0.297745329,0.8958,0.0,4.0,5.0,0.452079566,0.012513922,0.231557608,0.019831353,18.92256524,421.0,0.02417391,0.0,0.0,-1.5366663,5.8486853,17.453334,8.832595,-11.0316664,2.5792774,0.476521621,0.027385576,0.0,0.0,0.0,0.0,0.0,0.0,0.0,0.0,4.0,1.0,0.0,1.0,0.0,0.0,0.0,0.0,0.0,1.0,0.0,0.0,0.0,0.0,0.0,0.0,0.0,0.0,0.0,0.0,0.0,0.0,0.0,0.0,25.78371428571429,84.14192323809523,4.35461709950938,9.577721231880634,0.0
NRIP1,0.0,0.0,0.0,0.0,10.0,0.0,0.0,0.0,0.0,0.0,0.0,0.0,10.0,9.0,3477.0,0.0,0.0,0.0,1.0,0.0,1.0,0.0,0.0,1.0,0.858682263,0.4684,0.0,10.0,10.0,0.753579503,1.0,0.240558095,0.583303743,16.66417642,526.0,0.00758995,0.000204855,56.0,-6.593333,1.688444,1.885,0.1348305,-17.19125,1.616656,0.899079038,0.000873657,2.0,0.0,0.0,1.0,1.0,0.0,0.0,1.0,1.0,0.0,3.0,0.0,0.0,0.0,1.0,0.0,0.0,1.0,1.0,0.0,0.0,0.0,0.0,0.0,0.0,0.0,0.0,0.0,0.0,0.0,0.0,0.0,21.2325,21.37078409090909,7.19772648717482,13.253096040863248,0.0
VPS37B,0.0,0.0,0.0,0.0,1.0,0.0,0.0,0.0,0.0,0.0,0.0,0.0,1.0,1.0,858.0,0.0,0.0,0.0,1.0,0.0,1.0,0.0,0.0,1.0,0.423698819,0.561,0.0,1.0,1.0,1.0,1.0,0.947867299,0.998616841,19.8988275,184.0,0.03697767,2.52e-05,28.0,-5.435,0.52326447,7.4409455,2.3752002,-5.435,0.52326447,0.640338206,0.027385576,0.0,0.0,0.0,0.0,0.0,0.0,0.0,0.0,0.0,0.0,0.0,0.0,0.0,0.0,0.0,0.0,0.0,0.0,0.0,1.0,1.0,0.0,0.0,0.0,0.0,0.0,0.0,0.0,0.0,0.0,0.0,0.0,18.115,100.39445,7.323953170502653,13.015829123084108,0.0
HPS5,0.0,0.0,0.0,0.0,10.0,1.0,0.0,0.0,1.0,0.0,0.0,0.0,12.0,10.0,3390.0,0.0,0.083333333,0.083333333,0.833333333,0.0,1.0,0.0,0.0,0.907019018,1.02930759,0.447333333,0.0,10.0,12.0,0.623830318,1.0,0.92506938,0.997119832,19.19896557,252.0,0.0365218,0.0,1.0,-7.54087,0.9463693,1.0057143,0.03127095,-11.28,0.8854957,0.082928906,0.000435336,0.0,0.0,0.0,0.0,2.0,0.0,0.0,1.0,4.0,0.0,2.0,0.0,0.0,0.0,2.0,1.0,1.0,0.0,0.0,0.0,0.0,0.0,0.0,0.0,1.0,0.0,1.0,0.0,0.0,0.0,0.0,5.0,17.4709,94.55938388421052,6.565397448544515,11.774292105692355,0.0
LHX9,0.0,0.0,0.0,0.0,9.0,0.0,0.0,0.0,0.0,0.0,0.0,0.0,9.0,9.0,1194.0,0.0,0.0,0.0,1.0,0.0,1.0,0.0,0.0,0.929896694,0.294016812,0.708666667,0.0,9.0,9.0,0.941619586,1.0,0.22366361,0.558624938,16.58822814,448.0,-0.01786,9.01e-07,7.0,17.390527,6.2503554,23.635,7.058584,-0.094,7.33e-05,0.409791589,0.106112406,0.0,0.0,0.0,0.0,1.0,0.0,2.0,0.0,3.0,0.0,3.0,0.0,0.0,0.0,0.0,0.0,0.0,2.0,0.0,1.0,2.0,0.0,0.0,0.0,0.0,1.0,0.0,1.0,0.0,0.0,0.0,1.0,20.02494117647059,90.73689405882352,3.580724117405236,9.951693929790206,0.0
COQ6,0.0,0.0,0.0,0.0,1.0,1.0,0.0,0.0,0.0,0.0,0.0,0.0,2.0,2.0,1407.0,0.0,0.5,0.0,0.5,0.0,1.0,0.0,0.0,1.0,1.500862708,0.5395,0.0,1.0,2.0,0.425894378,1.0,0.846740051,0.987605027,18.75708004,158.0,0.0506916,3.83e-05,5.0,12.68,2.9286353,25.625,2.0828405,-0.26500002,0.0001445,0.476521621,0.027385576,0.0,0.0,1.0,0.0,0.0,0.0,0.0,0.0,0.0,0.0,0.0,0.0,0.0,0.0,1.0,0.0,0.0,1.0,0.0,0.0,0.0,0.0,0.0,0.0,0.0,0.0,0.0,1.0,1.0,0.0,0.0,0.0,18.9356,142.36004679999996,5.883477649569905,9.879989500719727,0.0
MOSPD1,0.0,0.0,0.0,0.0,2.0,0.0,0.0,0.0,1.0,0.0,0.0,0.0,3.0,3.0,642.0,0.0,0.0,0.0,1.0,0.0,1.0,0.0,0.0,1.0,0.417174911,0.6555,0.0,2.0,2.0,0.74682599,1.0,0.205380982,0.530476192,18.17774216,451.6807753,0.01674567,0.0,0.0,3.712,0.9781747,7.2000004,1.4805191,-1.52,0.039200002,0.241439497,0.027692137,0.0,1.0,0.0,0.0,0.0,0.0,0.0,2.0,1.0,0.0,0.0,0.0,0.0,0.0,0.0,0.0,1.0,0.0,0.0,0.0,0.0,0.0,0.0,0.0,0.0,0.0,0.0,0.0,1.0,0.0,0.0,0.0,24.67,25.9296,6.123338105781415,12.069625588443206,0.0
FFAR3,0.0,0.0,0.0,0.0,9.0,1.0,0.0,0.0,0.0,0.0,1.0,0.0,9.0,10.0,1041.0,0.0,0.111111111,0.0,0.888888889,0.0,1.0,0.0,0.0,0.929896694,1.303743685,0.398333333,0.0,8.0,9.0,0.644248953,0.938351433,0.431723848,0.650845454,19.5490794,472.0,0.00926697,0.0,0.0,3.182,3.3574782,13.27,6.739209,-3.5433333,0.27714479,0.869000726,0.052646053,0.0,0.0,1.0,0.0,1.0,0.0,3.0,0.0,0.0,1.0,0.0,0.0,0.0,0.0,0.0,0.0,0.0,1.0,1.0,1.0,1.0,1.0,0.0,0.0,0.0,0.0,3.0,0.0,1.0,0.0,0.0,0.0,12.8616,130.3323148285714,1.7365285470721197,4.073461011107315,0.0
PRMT6,0.0,0.0,0.0,0.0,7.0,0.0,0.0,0.0,0.0,0.0,0.0,0.0,7.0,7.0,1128.0,0.0,0.0,0.0,1.0,0.0,1.0,0.0,0.0,1.0,0.579297654,0.665857143,0.0,7.0,7.0,0.669792364,1.0,0.177493788,0.484348539,16.20627913,921.0,-0.01577451,0.001066804,116.0,2.2278572,3.499284,9.823,1.5962902,-16.76,3.6446378,0.476521621,0.027385576,0.0,0.0,0.0,0.0,0.0,0.0,2.0,0.0,0.0,0.0,0.0,0.0,0.0,0.0,0.0,0.0,1.0,0.0,0.0,1.0,3.0,1.0,0.0,0.0,0.0,0.0,0.0,0.0,0.0,0.0,0.0,0.0,24.00375,38.61496964285715,5.8418208608020405,10.621761979027635,0.0
RAF1,0.0,0.0,0.0,0.0,6.0,0.0,0.0,0.0,0.0,0.0,0.0,0.0,6.0,6.0,1947.0,0.0,0.0,0.0,1.0,0.5,0.693426404,0.0,0.0,0.693426404,0.419198619,0.759666667,0.0,6.0,6.0,0.67704807,0.0,0.26699,3.69e-05,18.64007897,172.0,0.03241635,0.001252851,141.0,0.5607691,1.2131892,5.0066665,0.8901542,-9.4425,0.55182693,0.0970027,0.000223264,0.0,0.0,0.0,0.0,0.0,0.0,0.0,0.0,0.0,0.0,1.0,0.0,0.0,0.0,0.0,0.0,0.0,0.0,0.0,0.0,3.0,0.0,0.0,0.0,0.0,0.0,1.0,0.0,1.0,0.0,0.0,0.0,23.665000000000003,26.326550000000005,7.635446790701872,12.47667912778925,0.0
MCM2,0.0,0.0,0.0,0.0,5.0,0.0,0.0,0.0,0.0,0.0,0.0,0.0,5.0,5.0,2715.0,0.0,0.0,0.0,1.0,0.0,1.0,0.0,0.0,1.0,0.590225807,0.622,0.0,5.0,5.0,0.455788514,1.0,0.490677134,0.840024011,19.37381208,336.0,0.04456161,0.00074982,103.0,11.22,2.2191774,14.05,2.3955693,-0.1,5e-05,0.115003365,0.001543457,0.0,1.0,0.0,0.0,0.0,0.0,0.0,0.0,2.0,1.0,0.0,0.0,0.0,0.0,0.0,2.0,0.0,0.0,0.0,2.0,0.0,0.0,0.0,0.0,0.0,0.0,0.0,1.0,1.0,0.0,0.0,1.0,14.767363636363635,90.56050385454546,7.03084298094156,13.81418414822325,0.0
TMEM127,0.0,0.0,0.0,0.0,0.0,0.0,0.0,0.0,0.0,0.0,0.0,0.0,0.0,0.0,717.0,0.0,0.0,0.0,0.0,0.0,0.0,0.0,0.0,0.0,0.0,0.0,0.0,0.0,0.0,1.0,1.0,0.404203719,0.770346109,19.78732263,213.0,0.04289232,0.0,1.0,2.1110527,1.5310015,5.743243,1.7858092,-4.6085,0.39658593,0.005349992,0.078764882,0.0,0.0,0.0,0.0,0.0,0.0,0.0,0.0,1.0,0.0,0.0,0.0,0.0,0.0,0.0,0.0,0.0,0.0,0.0,0.0,0.0,0.0,0.0,0.0,0.0,0.0,0.0,0.0,0.0,0.0,0.0,0.0,12.57,81.85512067676841,7.788557099416738,13.00547294763552,0.0
PGLYRP4,0.0,1.0,0.0,0.0,5.0,0.0,0.0,0.0,2.0,0.0,0.0,1.0,7.0,8.0,1122.0,0.0,0.0,0.25,0.625,0.0,1.0,0.125,0.0,0.801879687,1.202909943,0.696375,0.0,5.0,8.0,0.275178866,1.0,0.996015936,0.999992053,20.12065808,401.0,0.03154929,0.0,0.0,21.310666,10.94726,27.6225,11.6822176,-3.9366666,0.42685433,0.476521621,0.027385576,0.0,0.0,1.0,0.0,1.0,0.0,0.0,4.0,0.0,0.0,2.0,0.0,0.0,0.0,0.0,0.0,0.0,4.0,1.0,0.0,0.0,0.0,0.0,0.0,0.0,0.0,1.0,0.0,0.0,0.0,0.0,0.0,16.324928571428572,106.73720791758244,3.524541745414064,9.020721976519866,0.0
NTSR2,0.0,0.0,0.0,0.0,4.0,0.0,0.0,0.0,0.0,0.0,0.0,0.0,4.0,4.0,1233.0,0.0,0.0,0.0,1.0,0.0,1.0,0.0,0.0,1.0,1.172871301,0.2075,0.0,4.0,4.0,0.571428571,1.0,0.070656398,0.257890667,17.74375099,336.0,0.02065249,0.0,0.0,5.48,0.31829958,5.48,0.31829958,-8.287615,1.5927704,0.845637124,0.120875629,0.0,0.0,0.0,0.0,0.0,0.0,0.0,0.0,1.0,0.0,2.0,0.0,0.0,0.0,0.0,0.0,0.0,1.0,0.0,1.0,0.0,0.0,0.0,0.0,0.0,1.0,0.0,0.0,1.0,0.0,0.0,0.0,10.980857142857143,114.73506514285717,0.9424146367500283,6.592014285324303,0.0
CHRM1,1.0,1.0,0.0,0.0,2.0,0.0,0.0,0.0,0.0,0.0,1.0,1.0,2.0,4.0,1383.0,0.0,0.0,0.0,0.5,0.0,1.0,0.5,0.0,0.75,0.332497822,0.92725,0.0,2.0,4.0,0.313087038,1.0,0.914913083,0.996272835,21.15967612,181.0,0.07051182,4.53e-06,4.0,11.765555,2.2507682,11.765555,2.2507682,-8.287615,1.5927704,0.936599676,0.110958594,0.0,0.0,0.0,0.0,0.0,0.0,0.0,0.0,0.0,0.0,0.0,0.0,0.0,0.0,0.0,0.0,0.0,1.0,2.0,1.0,0.0,0.0,0.0,0.0,0.0,2.0,0.0,1.0,0.0,0.0,0.0,1.0,16.445625,77.804953125,2.8946848966295646,7.758133049423647,0.0
SLN,0.0,0.0,0.0,0.0,3.0,0.0,0.0,0.0,0.0,0.0,0.0,0.0,3.0,3.0,96.0,0.0,0.0,0.0,1.0,0.0,1.0,0.0,0.0,1.0,0.542189306,0.668666667,0.0,3.0,3.0,1.0,1.0,0.327976386,0.693608943,18.30075115,676.0,-0.004577664,3.19e-06,6.0,5.8185715,0.9433678,6.7933336,1.0522278,-0.03,1.5927704,1.066876899,0.018860915,0.0,0.0,0.0,0.0,0.0,1.0,0.0,0.0,0.0,0.0,2.0,0.0,0.0,0.0,0.0,0.0,0.0,0.0,1.0,1.0,0.0,0.0,0.0,0.0,0.0,0.0,0.0,0.0,1.0,0.0,0.0,0.0,19.48333333333333,91.37466666666668,1.928761441936,4.482267154258729,0.0
SOX30,0.0,0.0,0.0,0.0,11.0,0.0,0.0,0.0,0.0,0.0,0.0,0.0,11.0,10.0,2262.0,0.0,0.0,0.0,1.0,0.0,1.0,0.0,0.0,1.0,0.737742106,0.413818182,0.0,11.0,11.0,0.109421162,1.0,0.652315721,0.931002348,17.99184953,1079.0,0.04111879,6.64e-05,16.0,-2.2104,1.1272402,2.5707692,0.1447404,-7.39,1.7387038,0.63419899,0.010906825,0.0,0.0,0.0,0.0,1.0,0.0,0.0,3.0,1.0,0.0,1.0,0.0,0.0,0.0,1.0,0.0,0.0,1.0,0.0,0.0,0.0,3.0,0.0,0.0,0.0,0.0,0.0,0.0,2.0,0.0,1.0,0.0,19.7565,45.37627303846154,2.7340409995914694,7.138574472780748,0.0
ZNF473,0.0,0.0,0.0,0.0,9.0,0.0,0.0,0.0,0.0,0.0,0.0,0.0,9.0,9.0,2616.0,0.0,0.0,0.0,1.0,0.0,1.0,0.0,0.0,1.0,1.143083963,0.285888889,0.0,9.0,9.0,0.48756704,1.0,0.722021661,0.957184216,20.64809246,222.0,0.0350302,6.79e-06,15.0,0.5510526,0.816849,3.4614284,0.5154195,-7.598,0.8741587,0.476521621,0.027385576,0.0,0.0,0.0,0.0,0.0,0.0,1.0,0.0,1.0,0.0,3.0,0.0,0.0,0.0,0.0,2.0,0.0,0.0,1.0,0.0,0.0,0.0,1.0,0.0,0.0,0.0,1.0,0.0,0.0,0.0,0.0,2.0,13.492166666666668,80.83905633333335,5.423014572232384,9.009475820066278,0.0
AP5S1,0.0,0.0,0.0,0.0,3.0,0.0,0.0,0.0,0.0,0.0,0.0,0.0,3.0,3.0,603.0,0.0,0.0,0.0,1.0,0.0,1.0,0.0,0.0,1.0,1.366399646,0.197666667,0.0,3.0,3.0,1.0,1.0,0.098357431,0.32646279,19.49810904,241.0,0.0416462,0.0,0.0,0.30500009,1.0001332,6.283334,0.9982664,-5.6733333,0.42985235,0.476521621,0.027385576,0.0,0.0,0.0,0.0,0.0,0.0,0.0,0.0,1.0,0.0,0.0,0.0,0.0,2.0,0.0,0.0,0.0,0.0,0.0,0.0,0.0,1.0,0.0,0.0,0.0,0.0,0.0,0.0,1.0,0.0,0.0,0.0,14.0352,123.23724319999998,5.181880883332778,10.085242561642044,0.0
ZDHHC16,1.0,0.0,0.0,0.0,1.0,0.0,0.0,0.0,0.0,0.0,1.0,0.0,1.0,2.0,1134.0,0.0,0.0,0.0,0.5,0.0,1.0,0.5,0.0,1.0,0.808288485,0.68,0.0,1.0,2.0,0.327976386,1.0,0.53361793,0.868770109,19.08558786,188.0,0.04175097,0.0,1.0,1.155,0.021175001,1.155,0.021175001,-8.287615,1.5927704,0.476521621,0.027385576,0.0,0.0,0.0,0.0,0.0,0.0,0.0,0.0,0.0,0.0,0.0,0.0,0.0,0.0,0.0,0.0,0.0,0.0,0.0,1.0,0.0,0.0,0.0,0.0,0.0,0.0,0.0,0.0,1.0,0.0,0.0,0.0,17.316,259.190912,7.063240839780649,12.44568956163177,0.0
TCEA2,1.0,0.0,0.0,0.0,1.0,2.0,0.0,0.0,0.0,0.0,1.0,0.0,3.0,4.0,900.0,0.0,0.5,0.0,0.25,0.0,1.0,0.25,0.0,0.405639062,0.826171297,0.87925,0.0,1.0,4.0,0.025605572,1.0,0.542299349,0.874152454,19.27696028,451.6807753,0.019400984,0.000225799,57.0,1.923286772,2.74238831,7.43977878,2.370399658,-8.290885004,1.595402233,0.675806596,0.013432461,0.0,0.0,0.0,0.0,0.0,0.0,0.0,0.0,1.0,0.0,0.0,0.0,1.0,0.0,0.0,0.0,1.0,0.0,2.0,1.0,0.0,0.0,0.0,0.0,0.0,0.0,1.0,0.0,0.0,0.0,0.0,1.0,19.958375,189.80220798214285,5.614819807511338,9.91651315969174,0.0
PRKDC,0.0,0.0,0.0,0.0,38.0,7.0,0.0,0.0,2.0,0.0,0.0,0.0,47.0,44.0,12386.0,0.234042553,0.085106383,0.042553191,0.638297872,0.0,1.0,0.0,0.0,0.932929617,0.960262945,0.21612766,0.0,2.5,3.0,0.113019892,1.0,0.247954376,0.593729362,19.78388468,459.0,0.0268238,0.00185609,223.0,9.239362,4.004864,14.227463,4.659176,-3.1385187,0.26573576,0.476521621,0.027385576,1.0,1.0,0.0,1.0,3.0,1.0,0.0,0.0,11.0,2.0,3.0,1.0,3.0,1.0,0.0,0.0,4.0,0.0,1.0,1.0,2.0,1.0,0.0,0.0,1.0,0.0,3.0,0.0,6.0,1.0,2.0,8.0,20.86663793103449,157.0246243753781,8.417650700818909,15.896498610494753,0.0
ZNF746,2.0,1.0,0.0,0.0,7.0,0.0,0.0,0.0,0.0,0.0,2.0,1.0,7.0,10.0,1938.0,0.0,0.0,0.0,0.7,0.0,1.0,0.3,0.0,0.856863624,0.654734795,0.5789,0.0,7.0,10.0,0.409668169,1.0,0.206868018,0.532824634,19.16677163,467.0,0.01666552,1.58e-05,15.0,8.639545,2.4497425,9.7247615,2.3001822,-14.15,1.5927704,0.476521621,0.027385576,0.0,0.0,0.0,0.0,0.0,0.0,3.0,0.0,0.0,0.0,2.0,0.0,0.0,0.0,0.0,1.0,2.0,1.0,2.0,0.0,0.0,0.0,0.0,0.0,0.0,0.0,0.0,0.0,2.0,0.0,0.0,0.0,15.10223076923077,69.77852369230769,6.27960634785289,10.455708275666804,0.0
GFRAL,3.0,0.0,0.0,0.0,21.0,2.0,0.0,0.0,0.0,0.0,3.0,0.0,23.0,25.0,1185.0,0.0,0.076923077,0.0,0.807692308,0.0,1.0,0.115384615,0.0,0.888638565,1.148674209,0.488038462,0.0,21.0,26.0,0.509683996,1.0,0.220312844,0.553581565,14.79088299,729.0,-0.01449231,0.0,0.0,7.1459614,2.7917396,10.541,3.0931992,-4.170833,0.16045935,0.476521621,0.027385576,0.0,0.0,0.0,2.0,3.0,0.0,0.0,1.0,3.0,0.0,2.0,0.0,0.0,2.0,0.0,2.0,2.0,4.0,0.0,1.0,0.0,2.0,0.0,0.0,0.0,1.0,2.0,0.0,3.0,0.0,0.0,6.0,14.993083333333333,125.61273007857142,0.0304744764653591,0.0751601580009444,0.0
EYA3,1.0,0.0,0.0,0.0,4.0,1.0,0.0,0.0,1.0,0.0,1.0,0.0,6.0,7.0,1722.0,0.0,0.142857143,0.142857143,0.571428571,0.0,1.0,0.142857143,0.0,0.758039271,0.727150388,0.663714286,0.0,4.0,7.0,0.169061708,1.0,0.811688312,0.98103804,19.65783655,316.0,0.02753917,3.89e-06,5.0,-0.8885712,0.9873315,4.1333336,0.3557128,-9.928,0.9085716,0.138565143,0.000255359,0.0,0.0,0.0,0.0,0.0,0.0,0.0,0.0,2.0,0.0,1.0,0.0,0.0,0.0,0.0,0.0,0.0,0.0,0.0,0.0,0.0,0.0,0.0,0.0,0.0,0.0,0.0,1.0,1.0,0.0,0.0,1.0,29.2,37.54,4.805178488821221,7.876165318058824,0.0
FAM117B,0.0,0.0,0.0,0.0,3.0,1.0,0.0,0.0,0.0,0.0,0.0,0.0,4.0,4.0,1770.0,0.0,0.25,0.0,0.75,0.0,1.0,0.0,0.0,1.0,0.324940207,0.8555,0.0,3.0,4.0,0.758725341,1.0,0.424808836,0.788494481,19.06884518,515.0,0.02568302,1.05e-05,9.0,1.6142856,0.12361428,2.8859999,0.10437029,-1.565,0.0411845,0.476521621,0.027385576,0.0,0.0,0.0,0.0,0.0,0.0,1.0,0.0,1.0,0.0,0.0,0.0,0.0,0.0,0.0,0.0,0.0,0.0,0.0,0.0,1.0,0.0,0.0,0.0,0.0,0.0,0.0,0.0,0.0,1.0,0.0,1.0,26.888,115.31972,6.119514965096298,10.727952738086282,0.0
LRPAP1,0.0,0.0,0.0,0.0,2.0,0.0,0.0,0.0,0.0,0.0,0.0,0.0,2.0,2.0,1074.0,0.0,0.0,0.0,1.0,0.0,1.0,0.0,0.0,1.0,0.342199663,0.739,0.0,2.0,2.0,0.459136823,1.0,0.968992248,0.999514212,18.85991357,609.0,0.053721,1.39e-05,16.0,3.1375002,5.1984325,11.3566674,3.7443668,-21.52,1.5927704,0.414575073,0.00246501,0.0,0.0,0.0,0.0,0.0,0.0,0.0,0.0,0.0,0.0,1.0,0.0,0.0,0.0,0.0,0.0,0.0,1.0,0.0,0.0,0.0,0.0,0.0,0.0,0.0,0.0,0.0,1.0,0.0,0.0,0.0,1.0,14.060249999999998,142.26001091666663,8.09583962552098,14.787029083390982,0.0
MFNG,0.0,0.0,0.0,0.0,1.0,0.0,0.0,0.0,0.0,0.0,0.0,0.0,1.0,1.0,966.0,0.0,0.0,0.0,1.0,0.0,1.0,0.0,0.0,1.0,2.198810102,0.032,0.0,1.0,1.0,1.0,1.0,0.705716302,0.951688046,19.90231475,179.0,0.05109064,0.0,0.0,-7.1600005,1.0922421,0.23,2.3752002,-14.55,1.5927704,0.624309067,0.027385576,0.0,0.0,0.0,0.0,0.0,0.0,0.0,0.0,0.0,1.0,0.0,0.0,0.0,0.0,0.0,0.0,0.0,0.0,0.0,0.0,0.0,0.0,0.0,0.0,0.0,0.0,0.0,0.0,0.0,0.0,0.0,0.0,10.97,81.85512067676841,6.025383989147357,11.404634966589873,0.0
GNAT2,0.0,0.0,0.0,0.0,1.0,0.0,0.0,0.0,0.0,0.0,0.0,0.0,1.0,1.0,1065.0,0.0,0.0,0.0,1.0,0.0,1.0,0.0,0.0,1.0,0.257318631,0.918,0.0,1.0,1.0,1.0,1.0,0.814995925,0.981721406,19.91624278,201.0,0.0290857,2.2e-05,15.0,0.74,0.00405,0.74,0.00405,-8.287615,1.5927704,0.476521621,0.027385576,0.0,0.0,0.0,0.0,0.0,0.0,0.0,0.0,0.0,0.0,1.0,0.0,0.0,0.0,0.0,0.0,0.0,0.0,1.0,0.0,1.0,0.0,0.0,0.0,0.0,0.0,0.0,0.0,1.0,0.0,0.0,0.0,13.384,158.049624,0.9664795206865984,1.5236055301400084,0.0
MGAT1,0.0,0.0,0.0,0.0,6.0,1.0,0.0,0.0,0.0,0.0,0.0,0.0,7.0,6.0,1338.0,0.0,0.142857143,0.0,0.857142857,0.0,1.0,0.0,0.0,1.0,0.529278236,0.824285714,0.0,6.0,7.0,0.632911392,1.0,0.129416332,0.394036585,19.6637874,566.0,0.02454076,1.36e-05,7.0,-1.7338462,0.98582655,6.945,1.9090036,-5.5911113,0.2188686,0.476521621,0.027385576,0.0,0.0,0.0,0.0,0.0,0.0,1.0,1.0,0.0,0.0,0.0,0.0,0.0,0.0,0.0,0.0,0.0,2.0,0.0,0.0,2.0,0.0,0.0,0.0,0.0,0.0,0.0,1.0,1.0,0.0,0.0,0.0,24.60125,39.728869642857134,8.361206207401015,14.790694815844695,0.0
TRPS1,2.0,1.0,1.0,0.0,51.0,5.0,0.0,0.0,0.0,0.0,3.0,1.0,56.0,53.0,3885.0,0.0,0.083333333,0.0,0.85,0.0,1.0,0.05,0.016666667,0.92663935,0.527004151,0.6455,0.0,51.0,60.0,0.554938957,0.816139386,0.458505273,0.742029592,15.76270956,711.0,-0.01014016,4.17e-05,9.0,12.988985,5.8573566,19.692637,6.48565,-3.4983784,0.51953034,0.072601981,0.000476187,0.0,0.0,3.0,1.0,0.0,0.0,0.0,6.0,13.0,4.0,1.0,0.0,2.0,1.0,2.0,0.0,3.0,3.0,4.0,3.0,6.0,2.0,0.0,0.0,0.0,0.0,4.0,4.0,9.0,2.0,3.0,5.0,22.083271604938272,73.80080675030862,5.808730409901933,11.0616390687167,0.0
TP53BP2,0.0,0.0,0.0,0.0,3.0,1.0,0.0,0.0,0.0,0.0,0.0,0.0,4.0,4.0,3405.0,0.0,0.25,0.0,0.75,0.0,1.0,0.0,0.0,1.0,0.63523575,0.60025,0.0,3.0,4.0,0.714285714,1.0,0.281214848,0.637974218,19.21725297,361.0,0.003776851,0.00030417,78.0,11.2875,1.7507,11.2875,1.7507,-8.287615,1.5927704,0.083584984,0.000778119,0.0,0.0,0.0,0.0,0.0,1.0,0.0,0.0,1.0,0.0,0.0,0.0,0.0,0.0,0.0,0.0,0.0,0.0,0.0,0.0,0.0,3.0,0.0,0.0,0.0,0.0,0.0,0.0,1.0,0.0,0.0,2.0,19.632,116.25009228571426,7.249671743763228,12.58247386183396,0.0
PNMA5,0.0,0.0,0.0,0.0,7.0,1.0,0.0,0.0,0.0,0.0,0.0,0.0,8.0,7.0,1347.0,0.0,0.125,0.0,0.875,0.0,1.0,0.0,0.0,1.0,1.522258859,0.298125,0.0,7.0,8.0,0.471698113,1.0,0.084309923,0.292829922,17.93117149,451.6807753,0.03455952,4.31e-05,34.0,4.9311765,1.8560555,7.128571,1.8708868,-5.3233333,0.7723573,1.198734762,0.016436169,0.0,0.0,1.0,0.0,1.0,0.0,0.0,0.0,1.0,0.0,3.0,0.0,0.0,0.0,0.0,0.0,0.0,0.0,3.0,1.0,1.0,0.0,0.0,0.0,0.0,0.0,1.0,0.0,1.0,0.0,0.0,0.0,11.172076923076922,121.60232424358972,4.188897668902713,12.72939348415658,0.0
SOAT1,0.0,1.0,0.0,0.0,3.0,0.0,0.0,0.0,2.0,0.0,0.0,1.0,5.0,6.0,1653.0,0.0,0.0,0.333333333,0.5,0.0,1.0,0.166666667,0.0,0.693426404,0.846460013,0.799833333,0.0,3.0,6.0,0.812347685,1.0,0.193648335,0.511563027,18.73735199,336.0,0.003248355,2.19e-05,12.0,13.920833,2.9820805,13.920833,2.9820805,-8.287615,1.5927704,0.165977183,0.003975817,0.0,0.0,0.0,0.0,0.0,2.0,0.0,0.0,1.0,0.0,0.0,1.0,0.0,0.0,1.0,0.0,2.0,0.0,0.0,0.0,0.0,0.0,0.0,0.0,0.0,0.0,0.0,1.0,0.0,0.0,0.0,2.0,17.7467,78.90259645555557,7.381942151460669,13.130182283850496,0.0
FAM175A,0.0,0.0,0.0,0.0,2.0,0.0,0.0,0.0,0.0,0.0,0.0,0.0,2.0,2.0,1230.0,0.0,0.0,0.0,1.0,0.0,1.0,0.0,0.0,1.0,1.586694803,0.3035,0.0,2.0,2.0,1.0,1.0,0.160849284,0.454767167,18.07033639,378.0,0.02932436,2.51e-05,16.0,10.0200005,1.4980047,10.0200005,1.4980047,-8.287615,1.5927704,0.476521621,0.027385576,0.0,0.0,0.0,0.0,1.0,0.0,0.0,0.0,0.0,0.0,0.0,0.0,0.0,0.0,0.0,0.0,0.0,1.0,0.0,0.0,0.0,1.0,0.0,0.0,0.0,0.0,0.0,0.0,0.0,0.0,0.0,1.0,12.67025,58.34260025,5.445584331242701,9.800985566093791,0.0
REPS1,0.0,0.0,0.0,0.0,2.0,0.0,0.0,0.0,0.0,0.0,0.0,0.0,2.0,2.0,2388.0,0.0,0.0,0.0,1.0,0.0,1.0,0.0,0.0,1.0,0.633076096,0.5725,0.0,2.0,2.0,0.659630607,0.00772,0.77514,0.036614511,18.24428578,613.0,0.01584444,5.68e-05,21.0,-8.9525,5.3708185,2.5233334,0.15454235,-43.38,1.5927704,0.081047781,0.000359667,0.0,1.0,0.0,0.0,0.0,0.0,1.0,0.0,0.0,0.0,0.0,1.0,0.0,1.0,0.0,0.0,0.0,0.0,0.0,0.0,0.0,0.0,0.0,0.0,0.0,0.0,1.0,0.0,0.0,0.0,0.0,1.0,18.585,36.12235,6.48072108884614,10.843610559267592,0.0
GSN,1.0,0.0,0.0,0.0,3.0,0.0,0.0,0.0,0.0,0.0,1.0,0.0,3.0,4.0,2349.0,0.0,0.0,0.0,0.75,0.0,1.0,0.25,0.0,1.0,1.262772395,0.508,0.0,3.0,4.0,0.127307447,1.0,0.050743391,0.202008114,19.14525702,326.0,0.04191096,0.000149692,45.0,-2.4424998,0.46824333,2.2625001,0.15916292,-7.1475,0.34308422,0.052959241,0.000175711,0.0,0.0,0.0,0.0,0.0,0.0,1.0,0.0,0.0,0.0,1.0,0.0,0.0,0.0,0.0,2.0,0.0,0.0,0.0,0.0,1.0,0.0,0.0,0.0,0.0,0.0,0.0,0.0,0.0,0.0,0.0,0.0,19.834,72.22843000000003,9.23423554779591,17.701641233232213,0.0
RINT1,0.0,0.0,0.0,0.0,3.0,1.0,0.0,0.0,0.0,0.0,0.0,0.0,4.0,4.0,2379.0,0.0,0.25,0.0,0.75,0.0,1.0,0.0,0.0,1.0,0.652769881,0.51925,0.0,3.0,4.0,0.672494956,1.0,0.547645126,0.877397471,18.79362871,172.0,0.036111,0.000235442,49.0,8.99375,1.7946003,8.99375,1.7946003,-8.287615,1.5927704,0.476521621,0.027385576,0.0,0.0,0.0,0.0,1.0,0.0,0.0,0.0,0.0,0.0,0.0,0.0,0.0,0.0,0.0,0.0,0.0,0.0,0.0,0.0,0.0,0.0,0.0,0.0,1.0,0.0,0.0,0.0,1.0,0.0,0.0,2.0,22.802,108.40932,6.253101547316468,10.9016233019671,0.0
SOCS6,0.0,0.0,0.0,0.0,3.0,2.0,0.0,0.0,0.0,0.0,0.0,0.0,5.0,5.0,1608.0,0.0,0.4,0.0,0.6,0.0,1.0,0.0,0.0,0.827729377,0.733399909,0.7854,0.0,3.0,5.0,0.477099237,1.0,0.31496063,0.67883705,15.96619855,264.0,0.006898481,6.53e-05,34.0,-0.9708334,0.15469445,1.0157143,0.019403618,-3.752,0.2305567,0.095446235,0.000331009,0.0,0.0,0.0,0.0,0.0,0.0,1.0,0.0,0.0,0.0,0.0,0.0,0.0,0.0,0.0,2.0,0.0,3.0,0.0,0.0,0.0,0.0,0.0,0.0,0.0,0.0,0.0,0.0,3.0,0.0,0.0,1.0,22.125300000000003,188.1257097888889,6.462080271971078,11.147033756635768,0.0
ZNF691,0.0,0.0,0.0,0.0,2.0,0.0,0.0,0.0,0.0,0.0,0.0,0.0,2.0,2.0,948.0,0.0,0.0,0.0,1.0,0.0,1.0,0.0,0.0,1.0,1.799872544,0.162,0.0,2.0,2.0,1.0,1.0,0.668896321,0.937877061,19.61583435,334.0,0.02679833,0.0,1.0,1.5025,0.839113,7.03,0.9744081,-4.0250003,0.32080053,0.143584205,0.001881174,0.0,0.0,0.0,0.0,0.0,0.0,0.0,0.0,1.0,0.0,0.0,0.0,0.0,0.0,0.0,0.0,0.0,1.0,0.0,0.0,0.0,0.0,0.0,0.0,0.0,0.0,0.0,0.0,0.0,0.0,0.0,0.0,15.344,66.26307200000002,5.45434044710038,9.169538454126943,0.0
KLHL35,0.0,0.0,0.0,0.0,4.0,1.0,0.0,0.0,0.0,0.0,0.0,0.0,5.0,5.0,1752.0,0.0,0.2,0.0,0.8,0.0,1.0,0.0,0.0,1.0,0.754649326,0.4906,0.0,4.0,5.0,0.20173492,1.0,0.450856628,0.810011672,19.16539431,205.0,0.039012,8.14e-07,3.0,1.7555555,0.24852026,2.98,0.12981314,-8.04,1.5927704,0.476521621,0.027385576,0.0,0.0,0.0,0.0,0.0,0.0,0.0,0.0,3.0,0.0,1.0,0.0,0.0,0.0,0.0,0.0,0.0,0.0,0.0,0.0,2.0,0.0,0.0,0.0,0.0,0.0,0.0,0.0,0.0,0.0,0.0,0.0,28.850000000000005,30.307,4.608795149528336,9.945717262653742,0.0
EHD2,1.0,0.0,0.0,0.0,3.0,0.0,0.0,0.0,0.0,0.0,1.0,0.0,3.0,4.0,1632.0,0.0,0.0,0.0,0.75,0.0,1.0,0.25,0.0,1.0,1.148494442,0.38975,0.0,3.0,4.0,0.262329486,1.0,0.956937799,0.99905922,19.63115538,262.0,0.03606753,1.63e-05,21.0,-2.22125,1.0575627,3.275,0.20026967,-7.7175,1.4618096,0.177428346,0.002882821,0.0,0.0,0.0,0.0,0.0,0.0,0.0,0.0,2.0,0.0,0.0,0.0,0.0,0.0,0.0,0.0,0.0,0.0,0.0,0.0,1.0,1.0,0.0,0.0,0.0,0.0,0.0,1.0,1.0,0.0,0.0,2.0,19.135,29.48565714285716,8.229909933408884,15.502578473555944,0.0
TAF9,0.0,0.0,0.0,0.0,2.0,0.0,0.0,0.0,0.0,0.0,0.0,0.0,2.0,2.0,795.0,0.0,0.0,0.0,1.0,0.0,1.0,0.0,0.0,1.0,0.713157248,0.4815,0.0,2.0,2.0,1.0,1.0,0.398089172,0.764760847,18.76376284,314.0,0.0504948,0.000201113,75.0,-1.586,0.0749238,0.63,0.003362,-3.0633334,0.06632233,0.476521621,0.027385576,0.0,0.0,0.0,0.0,0.0,0.0,0.0,0.0,1.0,1.0,0.0,0.0,0.0,2.0,0.0,0.0,0.0,0.0,0.0,1.0,0.0,0.0,0.0,0.0,0.0,0.0,0.0,0.0,1.0,0.0,1.0,1.0,19.843875,26.649405839285706,7.053049761480327,12.124568473420902,0.0
ZNF791,0.0,0.0,0.0,0.0,2.0,1.0,0.0,0.0,0.0,0.0,0.0,0.0,3.0,3.0,1731.0,0.0,0.333333333,0.0,0.666666667,0.0,1.0,0.0,0.0,1.0,0.984841477,0.534666667,0.0,2.0,3.0,1.0,1.0,0.805152979,0.979648135,20.91398139,409.0,0.000850073,0.0,0.0,-6.826667,1.0783287,0.645,0.0006845,-10.5625,1.2387283,0.476521621,0.027385576,0.0,0.0,0.0,0.0,0.0,0.0,0.0,0.0,0.0,0.0,2.0,0.0,0.0,1.0,0.0,0.0,0.0,0.0,0.0,0.0,0.0,0.0,0.0,0.0,0.0,0.0,0.0,0.0,1.0,0.0,0.0,1.0,18.228,27.343770000000003,5.299781821488035,8.518325650841742,0.0
TMPRSS11F,0.0,0.0,0.0,0.0,13.0,1.0,1.0,0.0,3.0,0.0,0.0,0.0,18.0,17.0,1317.0,0.0,0.055555556,0.166666667,0.722222222,0.0,1.0,0.0,0.0,0.845325749,0.650312456,0.671611111,0.055555556,13.0,18.0,0.695894224,1.0,0.609384522,0.911216217,17.690781,812.0,-0.005684509,0.0,0.0,-1.5748648,1.6213363,5.068421,1.5716674,-8.587222,0.75538866,1.29733599,0.044984758,0.0,2.0,2.0,0.0,0.0,1.0,1.0,1.0,3.0,0.0,3.0,0.0,0.0,0.0,0.0,0.0,0.0,2.0,1.0,0.0,0.0,1.0,0.0,0.0,0.0,0.0,2.0,3.0,3.0,1.0,0.0,2.0,20.168035714285708,84.53935670238096,0.292179236699448,1.5734856733522542,0.0
RP1,1.0,1.0,0.0,0.0,44.0,1.0,0.0,0.0,0.0,0.0,1.0,1.0,45.0,43.0,6471.0,0.0,0.021276596,0.0,0.936170213,0.0,1.0,0.042553191,0.0,0.981786623,1.155685825,0.351425532,0.0,44.0,47.0,0.979431929,1.0,0.559284116,0.884282817,17.18062307,735.0,-0.008235626,0.0,0.0,8.3686,4.192705,12.935585,4.3265145,-6.92087,0.74708834,0.476521621,0.027385576,1.0,3.0,3.0,0.0,4.0,1.0,1.0,2.0,7.0,3.0,2.0,0.0,4.0,1.0,1.0,0.0,2.0,3.0,3.0,1.0,0.0,1.0,1.0,2.0,1.0,0.0,1.0,2.0,0.0,1.0,1.0,2.0,13.108537037037037,91.58395281935708,4.346033857860059,10.034007543818632,0.0
MBNL3,0.0,0.0,0.0,0.0,7.0,0.0,0.0,0.0,0.0,0.0,0.0,0.0,7.0,7.0,1065.0,0.0,0.0,0.0,1.0,0.0,1.0,0.0,0.0,1.0,0.613741152,0.589428571,0.0,7.0,7.0,0.819000819,1.0,0.016471208,0.084104318,17.13329275,451.6807753,0.0342761,3.37e-06,6.0,6.029375,1.904142,6.441333,2.011059,-0.15,1.5927704,0.755505987,0.015415414,1.0,0.0,0.0,0.0,0.0,0.0,0.0,1.0,2.0,1.0,0.0,0.0,0.0,0.0,0.0,0.0,0.0,0.0,3.0,0.0,1.0,0.0,0.0,0.0,0.0,0.0,1.0,0.0,1.0,0.0,0.0,0.0,18.25218181818181,100.46219716363636,4.240327787544275,8.29093926044842,0.0
ACTN2,0.0,0.0,0.0,0.0,41.0,2.0,0.0,0.0,0.0,0.0,0.0,0.0,43.0,38.0,2685.0,0.0,0.046511628,0.0,0.953488372,0.0,1.0,0.0,0.0,0.974285279,0.346377306,0.748139535,0.0,41.0,43.0,0.845308538,0.997555012,0.611246944,0.911398344,18.70448356,682.0,-0.009612596,0.000246355,62.0,9.475444,2.2468831,12.729143,2.3094404,-1.9125,0.38281998,1.029063509,0.054996265,0.0,0.0,2.0,0.0,1.0,1.0,1.0,1.0,3.0,2.0,1.0,0.0,1.0,1.0,0.0,0.0,6.0,1.0,5.0,7.0,8.0,6.0,0.0,2.0,2.0,1.0,1.0,1.0,5.0,0.0,0.0,9.0,22.82382352941177,91.89021999824408,2.998073965416117,7.129236828931209,0.0
TMEM246,3.0,0.0,0.0,0.0,6.0,2.0,0.0,0.0,0.0,0.0,3.0,0.0,8.0,10.0,1212.0,0.0,0.181818182,0.0,0.545454545,0.0,1.0,0.272727273,0.0,0.694914663,0.802472203,0.729363636,0.0,6.0,11.0,1.0,1.0,0.022636726,0.108388755,16.78358659,872.0,-0.01539047,1.84e-05,10.0,-5.49,1.9937104,2.48,0.14366133,-12.735455,2.6454536,0.476521621,0.027385576,0.0,0.0,0.0,1.0,1.0,0.0,0.0,0.0,1.0,0.0,0.0,0.0,0.0,0.0,0.0,0.0,0.0,1.0,1.0,2.0,0.0,0.0,0.0,0.0,0.0,0.0,0.0,0.0,2.0,0.0,0.0,1.0,24.8052,102.5575281777778,5.181880883332778,10.085242561642044,0.0
PRSS57,0.0,0.0,0.0,0.0,2.0,0.0,0.0,0.0,0.0,0.0,0.0,0.0,2.0,2.0,852.0,0.0,0.0,0.0,1.0,0.0,1.0,0.0,0.0,1.0,1.826163611,0.5395,0.0,2.0,2.0,1.0,1.0,0.721500722,0.957014358,20.80559196,218.0,0.01018082,0.0,0.0,-11.8975006,1.9915743,0.18,0.000162,-23.975,0.13992051,0.476521621,0.027385576,0.0,0.0,0.0,0.0,0.0,0.0,0.0,0.0,0.0,0.0,0.0,0.0,0.0,0.0,0.0,0.0,0.0,0.0,0.0,1.0,0.0,0.0,1.0,0.0,0.0,0.0,0.0,0.0,0.0,0.0,0.0,0.0,21.505000000000003,28.80405000000001,5.181880883332778,10.085242561642044,0.0
INA,0.0,0.0,0.0,0.0,3.0,0.0,0.0,0.0,1.0,0.0,0.0,0.0,4.0,4.0,1500.0,0.0,0.0,0.25,0.75,0.0,1.0,0.0,0.0,1.0,0.796735517,0.6765,0.0,3.0,4.0,1.0,1.0,0.873362445,0.99161977,18.9944004,125.0,0.04052024,1.96e-05,16.0,-4.3244444,1.5347246,2.9375,0.26526758,-10.134,1.9212533,0.473446592,0.020918157,0.0,0.0,0.0,0.0,0.0,0.0,0.0,1.0,0.0,0.0,1.0,0.0,0.0,0.0,0.0,0.0,0.0,1.0,1.0,0.0,0.0,0.0,0.0,0.0,0.0,0.0,1.0,1.0,3.0,0.0,0.0,0.0,21.45211111111111,38.52155761111111,4.375033987797602,11.414620305113546,0.0
GPR50,0.0,0.0,0.0,0.0,17.0,2.0,0.0,0.0,0.0,0.0,0.0,0.0,19.0,17.0,1854.0,0.0,0.105263158,0.0,0.894736842,0.0,1.0,0.0,0.0,0.950440229,1.383675602,0.286210526,0.0,17.0,19.0,0.043243243,1.0,0.391236307,0.75838949,17.71948241,451.6807753,-0.007123836,1.59e-05,9.0,9.1538094,4.6264958,11.029428,5.3616166,-0.22428571,0.000611619,0.476521621,0.027385576,0.0,0.0,1.0,0.0,1.0,0.0,0.0,0.0,0.0,3.0,3.0,0.0,1.0,0.0,0.0,0.0,0.0,4.0,4.0,2.0,1.0,5.0,0.0,1.0,0.0,0.0,0.0,3.0,3.0,0.0,0.0,2.0,12.524617647058824,60.92374090998217,1.4262899309119488,6.200587631961241,0.0
PIK3C2G,0.0,0.0,0.0,0.0,17.0,2.0,0.0,0.0,1.0,0.0,0.0,0.0,20.0,20.0,4338.0,0.0,0.1,0.05,0.85,0.0,1.0,0.0,0.0,0.944991131,0.884022929,0.5764,0.0,17.0,20.0,0.37593985,0.785871965,0.441501104,0.714236579,14.60859674,986.0,-0.03089769,0.0,0.0,-0.4570732,3.5025466,9.844286,2.2049578,-11.2735,2.6483634,0.476521621,0.027385576,0.0,2.0,1.0,1.0,1.0,0.0,2.0,0.0,1.0,0.0,4.0,0.0,0.0,0.0,0.0,0.0,1.0,1.0,2.0,0.0,1.0,0.0,0.0,0.0,0.0,1.0,0.0,0.0,2.0,0.0,1.0,4.0,23.0036,73.54268233333335,4.098549119235806,10.696693392403988,0.0
ARIH1,0.0,0.0,0.0,0.0,3.0,0.0,0.0,0.0,0.0,0.0,0.0,0.0,3.0,3.0,1674.0,0.0,0.0,0.0,1.0,0.0,1.0,0.0,0.0,1.0,0.276147487,0.706666667,0.0,3.0,3.0,0.769822941,1.0,0.277546489,0.633296373,20.06107712,432.0,0.03657759,0.00011331,43.0,5.908333,2.3899114,15.823333,2.6163293,-4.0066667,0.4092323,0.143597103,0.001793027,0.0,0.0,0.0,0.0,0.0,0.0,0.0,0.0,1.0,0.0,0.0,0.0,1.0,0.0,0.0,0.0,0.0,0.0,0.0,0.0,0.0,0.0,0.0,0.0,0.0,0.0,2.0,0.0,0.0,0.0,0.0,0.0,20.8975,36.79269166666666,7.37044592264873,12.296734554197334,0.0
TPPP2,0.0,0.0,0.0,0.0,3.0,1.0,0.0,0.0,0.0,0.0,0.0,0.0,4.0,4.0,513.0,0.0,0.25,0.0,0.75,0.0,1.0,0.0,0.0,1.0,1.158938204,0.475,0.0,3.0,4.0,1.0,1.0,0.854700855,0.988892093,19.88973061,320.0,0.01228671,0.0,0.0,4.44625,0.978191,10.259999,1.3116699,-1.3675,0.069450913,0.476521621,0.027385576,0.0,0.0,0.0,0.0,0.0,0.0,0.0,2.0,0.0,0.0,0.0,0.0,0.0,0.0,0.0,0.0,0.0,2.0,0.0,0.0,0.0,0.0,0.0,0.0,0.0,0.0,0.0,0.0,1.0,0.0,0.0,0.0,23.44,117.07300000000002,0.0690141675564847,0.0556405995879738,0.0
SLC2A7,0.0,0.0,0.0,0.0,3.0,0.0,0.0,0.0,0.0,0.0,0.0,0.0,3.0,3.0,1539.0,0.0,0.0,0.0,1.0,0.0,1.0,0.0,0.0,0.579380164,1.483569352,0.261333333,0.0,3.0,3.0,0.356125356,1.0,0.645994832,0.928271173,19.68167131,264.0,0.03084746,0.0,0.0,0.9133333,0.25905306,2.2499999,0.1898155,-5.77,1.5927704,0.790346721,0.001499002,0.0,0.0,0.0,0.0,0.0,0.0,0.0,0.0,0.0,2.0,0.0,0.0,0.0,0.0,0.0,0.0,0.0,0.0,0.0,1.0,1.0,0.0,0.0,0.0,0.0,0.0,0.0,0.0,0.0,0.0,0.0,0.0,8.344999999999999,58.16254999999999,0.2668209320031706,0.5908673162828244,0.0
IGHV1-58,0.0,0.0,0.0,0.0,6.0,2.0,0.0,0.0,0.0,0.0,0.0,0.0,8.0,8.0,351.0,0.0,0.25,0.0,0.75,0.0,1.0,0.0,0.0,0.833333333,2.129524072,0.30125,0.0,6.0,8.0,0.644248953,0.938351433,0.431723848,0.650845454,19.27696028,451.6807753,0.019400984,0.0,0.0,1.923286772,2.74238831,7.43977878,2.370399658,-8.290885004,1.595402233,0.476521621,0.027385576,0.0,0.0,0.0,0.0,0.0,1.0,3.0,0.0,0.0,0.0,1.0,0.0,0.0,0.0,0.0,0.0,0.0,0.0,2.0,1.0,0.0,1.0,0.0,0.0,0.0,1.0,0.0,0.0,0.0,0.0,0.0,2.0,11.743833333333331,112.95813051515152,5.181880883332778,10.085242561642044,0.0
PIGV,0.0,0.0,0.0,0.0,4.0,0.0,0.0,0.0,0.0,0.0,0.0,0.0,4.0,4.0,1482.0,0.0,0.0,0.0,1.0,0.0,1.0,0.0,0.0,1.0,0.607958122,0.5095,0.0,4.0,4.0,1.0,1.0,0.406173842,0.772125925,19.96413213,188.0,0.02975314,0.0,1.0,0.3612501,0.35834701,4.87,0.6311291,-2.344,0.067596795,0.156870109,0.002250257,0.0,1.0,0.0,0.0,0.0,0.0,0.0,0.0,0.0,0.0,0.0,0.0,0.0,0.0,0.0,0.0,0.0,1.0,1.0,0.0,0.0,0.0,0.0,0.0,0.0,0.0,2.0,0.0,0.0,0.0,0.0,2.0,14.573428571428574,126.68374761904762,6.047257326443616,10.375498652052585,0.0
SEMA6D,0.0,0.0,0.0,0.0,34.0,2.0,1.0,0.0,2.0,0.0,0.0,0.0,39.0,35.0,3222.0,0.0,0.051282051,0.051282051,0.871794872,0.0,1.0,0.0,0.0,0.943678253,0.574901588,0.615358974,0.025641026,34.0,39.0,0.731528895,0.873362445,0.903056769,0.975912153,17.09698996,583.0,-0.05839896,0.0,0.0,-3.7785184,1.9424656,4.11175,0.8206301,-11.476342,1.8548748,0.476521621,0.027385576,2.0,1.0,1.0,1.0,1.0,2.0,2.0,5.0,2.0,1.0,2.0,0.0,0.0,2.0,0.0,1.0,1.0,6.0,4.0,1.0,3.0,1.0,1.0,2.0,0.0,1.0,2.0,1.0,4.0,2.0,0.0,6.0,20.53646551724137,73.58711579703572,5.070358873930682,11.519582389202856,0.0
HMBS,0.0,0.0,0.0,0.0,4.0,0.0,0.0,0.0,0.0,0.0,0.0,0.0,4.0,4.0,1086.0,0.0,0.0,0.0,1.0,0.0,1.0,0.0,0.0,1.0,0.886438681,0.64075,0.0,4.0,4.0,1.0,1.0,0.346140533,0.713364632,20.40753956,195.0,0.05790947,2.32e-05,11.0,0.871,0.26095165,5.3566664,0.6062093,-1.0514285,0.04563481,0.135839218,0.001653102,0.0,0.0,0.0,0.0,0.0,0.0,0.0,0.0,1.0,0.0,0.0,1.0,0.0,0.0,0.0,0.0,0.0,2.0,0.0,0.0,0.0,0.0,0.0,0.0,0.0,0.0,2.0,0.0,0.0,0.0,0.0,0.0,24.90833333333333,56.49737666666668,6.3837031744323935,11.62039809916368,0.0
RABGGTB,0.0,0.0,0.0,0.0,8.0,0.0,0.0,0.0,0.0,0.0,0.0,0.0,8.0,8.0,996.0,0.0,0.0,0.0,1.0,0.0,1.0,0.0,0.0,1.0,0.469918162,0.65475,0.0,8.0,8.0,0.04986785,1.0,0.889679715,0.993677715,17.21887537,578.0,-0.008539757,0.000475373,56.0,2.0705556,0.35541148,3.8983334,0.42201034,-1.585,0.0394407,0.119652635,0.000983902,0.0,0.0,0.0,0.0,0.0,0.0,0.0,1.0,2.0,0.0,0.0,0.0,0.0,1.0,0.0,0.0,0.0,1.0,2.0,2.0,0.0,0.0,0.0,0.0,0.0,0.0,0.0,3.0,0.0,1.0,0.0,0.0,19.74061538461539,97.45570675641024,6.752797408591529,11.884098540831976,0.0
SLC12A7,0.0,0.0,0.0,0.0,11.0,1.0,0.0,0.0,1.0,0.0,0.0,0.0,13.0,13.0,3252.0,0.0,0.076923077,0.076923077,0.846153846,0.0,1.0,0.0,0.0,0.958424899,0.830467076,0.556076923,0.0,11.0,13.0,0.121226815,1.0,0.029923993,0.134930118,19.28687425,424.0,0.03090423,1.72e-06,6.0,18.595184,12.761249,28.433332,16.41651,-1.0811111,0.05570536,0.083378132,0.001094252,0.0,0.0,0.0,0.0,0.0,1.0,0.0,1.0,0.0,0.0,1.0,0.0,0.0,0.0,0.0,0.0,3.0,2.0,4.0,1.0,0.0,2.0,0.0,0.0,0.0,0.0,0.0,3.0,0.0,1.0,0.0,2.0,19.32238095238095,102.05550734761906,8.165316980989331,15.997619921676618,0.0
HCFC1,0.0,0.0,0.0,0.0,23.0,1.0,0.0,0.0,2.0,0.0,0.0,0.0,26.0,23.0,6108.0,0.0,0.038461538,0.076923077,0.884615385,0.0,1.0,0.0,0.0,0.928362778,0.661200826,0.558576923,0.0,23.0,26.0,0.853970965,0.23483135,0.098338086,0.11011213,21.16731033,451.6807753,0.02519528,0.000698965,92.0,7.174737,1.8748647,9.653024,2.242095,-0.43714284,0.005516066,1.635752728,0.024885851,0.0,0.0,1.0,0.0,2.0,3.0,1.0,0.0,5.0,0.0,1.0,0.0,0.0,1.0,0.0,0.0,0.0,7.0,3.0,6.0,1.0,0.0,0.0,0.0,0.0,1.0,2.0,4.0,2.0,0.0,0.0,1.0,19.666146341463413,95.37073547804876,7.758717568924534,13.292236809612149,0.0
PATL1,0.0,0.0,0.0,0.0,3.0,0.0,0.0,0.0,0.0,0.0,0.0,0.0,3.0,3.0,2313.0,0.0,0.0,0.0,1.0,0.0,1.0,0.0,0.0,1.0,0.625151994,0.662,0.0,3.0,3.0,0.474833808,1.0,0.647249191,0.928818065,18.71823418,409.0,0.02690972,7.15e-05,21.0,2.7200002,0.21107402,2.7200002,0.21107402,-8.287615,1.5927704,0.476521621,0.027385576,0.0,0.0,0.0,0.0,0.0,0.0,0.0,0.0,1.0,0.0,0.0,0.0,0.0,0.0,0.0,0.0,2.0,0.0,0.0,1.0,0.0,0.0,0.0,0.0,0.0,0.0,1.0,1.0,0.0,0.0,1.0,1.0,19.23125,35.98432678571428,7.1283446809544415,12.253558939912716,0.0
C1orf226,0.0,0.0,0.0,0.0,3.0,0.0,0.0,0.0,0.0,0.0,0.0,0.0,3.0,3.0,948.0,0.0,0.0,0.0,1.0,0.0,1.0,0.0,0.0,1.0,0.640764189,0.625666667,0.0,3.0,3.0,0.216497077,1.0,0.736919676,0.961883847,18.4721732,391.0,0.001390811,8.34e-08,2.0,15.916666,2.983737,15.916666,2.983737,-8.287615,1.5927704,0.476521621,0.027385576,0.0,0.0,0.0,0.0,0.0,0.0,0.0,0.0,0.0,1.0,0.0,0.0,0.0,0.0,0.0,0.0,0.0,2.0,0.0,1.0,1.0,0.0,0.0,0.0,0.0,0.0,0.0,0.0,0.0,0.0,0.0,0.0,22.72,29.142000000000017,6.311724801099708,12.091175158183596,0.0
DLGAP1,0.0,0.0,0.0,0.0,13.0,1.0,0.0,0.0,1.0,0.0,0.0,0.0,15.0,15.0,2934.0,0.0,0.066666667,0.066666667,0.866666667,0.0,1.0,0.0,0.0,0.965872263,0.549160566,0.6666,0.0,13.0,15.0,0.695410292,1.0,0.828500414,0.984372777,18.49115122,215.0,0.02422885,2.46e-05,17.0,-2.3365624,1.2552224,5.0584614,0.6022325,-7.396316,1.0950926,1.765860779,0.036220043,0.0,1.0,0.0,1.0,0.0,2.0,1.0,0.0,0.0,1.0,5.0,0.0,0.0,0.0,0.0,1.0,2.0,0.0,2.0,2.0,1.0,0.0,1.0,0.0,0.0,0.0,4.0,2.0,0.0,0.0,0.0,2.0,20.70339285714285,85.26811476587301,3.4048601447148905,8.26317677664797,0.0
NPPC,0.0,0.0,0.0,0.0,2.0,0.0,0.0,0.0,0.0,0.0,0.0,0.0,2.0,2.0,381.0,0.0,0.0,0.0,1.0,0.0,1.0,0.0,0.0,1.0,0.911299824,0.2715,0.0,2.0,2.0,1.0,1.0,1.0,1.0,19.76916342,439.0,0.03288635,6.4e-07,3.0,3.2175,0.1650889,3.2175,0.1650889,-8.287615,1.5927704,0.192007534,6.15e-07,0.0,0.0,0.0,0.0,0.0,0.0,0.0,0.0,0.0,0.0,1.0,0.0,0.0,0.0,0.0,0.0,0.0,0.0,0.0,0.0,0.0,0.0,0.0,0.0,0.0,0.0,0.0,1.0,0.0,0.0,0.0,0.0,22.5,3.380000000000004,0.5213959150442385,2.97010767434214,0.0
ALDOB,1.0,0.0,0.0,0.0,5.0,1.0,0.0,0.0,1.0,0.0,1.0,0.0,7.0,8.0,1095.0,0.0,0.142857143,0.0,0.714285714,0.0,1.0,0.142857143,0.0,0.898226518,0.700192509,0.655285714,0.0,5.0,7.0,0.625782228,1.0,0.174978128,0.479981504,16.7852877,898.0,-0.02239457,0.00018429,13.0,-9.895882,1.9055879,0.34285716,0.000953238,-17.063,2.000967,0.476521621,0.027385576,0.0,0.0,1.0,0.0,2.0,1.0,0.0,0.0,1.0,0.0,0.0,0.0,0.0,0.0,0.0,0.0,0.0,0.0,0.0,0.0,0.0,0.0,0.0,0.0,0.0,0.0,0.0,0.0,0.0,0.0,0.0,2.0,29.2,49.29999999999998,4.122882051906767,12.386004523060684,0.0
ARSD,0.0,0.0,0.0,0.0,4.0,0.0,0.0,0.0,1.0,0.0,0.0,0.0,5.0,5.0,1782.0,0.0,0.0,0.2,0.8,0.0,1.0,0.0,0.0,1.0,1.107662947,0.5162,0.0,4.0,5.0,0.056554688,1.0,0.193685842,0.511624599,17.54803769,451.6807753,0.01816667,0.0,0.0,1.923286772,2.74238831,7.43977878,2.370399658,-8.290885004,1.595402233,0.138332488,0.001912668,0.0,0.0,0.0,0.0,2.0,0.0,0.0,0.0,0.0,0.0,1.0,0.0,0.0,0.0,0.0,0.0,1.0,0.0,1.0,0.0,0.0,1.0,0.0,0.0,0.0,0.0,0.0,0.0,0.0,0.0,0.0,1.0,18.828714285714284,50.0575849047619,7.96991428696802,15.066463962301478,0.0
INSL5,0.0,0.0,0.0,0.0,8.0,0.0,0.0,0.0,0.0,0.0,0.0,0.0,8.0,8.0,408.0,0.0,0.0,0.0,1.0,0.0,1.0,0.0,0.0,1.0,1.335335353,0.347875,0.0,8.0,8.0,0.490677134,1.0,0.655307995,0.932273875,18.35399363,692.0,-0.01557176,0.0,0.0,-0.30315798,0.7893088,3.291,0.15232543,-4.2966668,1.26368785,1.639707965,0.018253154,0.0,0.0,0.0,1.0,3.0,2.0,1.0,0.0,0.0,1.0,1.0,0.0,0.0,0.0,0.0,0.0,0.0,0.0,1.0,0.0,0.0,0.0,0.0,0.0,0.0,0.0,2.0,0.0,0.0,0.0,0.0,1.0,11.491538461538465,45.93914276923078,0.1369902908857118,0.1629913745028809,0.0
SLC27A6,1.0,0.0,0.0,0.0,18.0,3.0,0.0,0.0,1.0,0.0,1.0,0.0,22.0,23.0,1860.0,0.0,0.130434783,0.043478261,0.782608696,0.0,1.0,0.043478261,0.0,0.849967785,1.077361785,0.595173913,0.0,18.0,23.0,0.599161174,0.82909784,0.635324015,0.864409433,15.25794576,962.0,-0.009674722,2.62e-05,11.0,-7.8,1.7281137,2.363,0.31824147,-15.059286,1.4726749,0.593688522,0.056905886,0.0,0.0,0.0,0.0,1.0,2.0,0.0,1.0,2.0,3.0,2.0,0.0,1.0,0.0,0.0,1.0,2.0,4.0,2.0,2.0,1.0,1.0,0.0,0.0,0.0,0.0,3.0,0.0,2.0,2.0,0.0,2.0,17.20420588235294,141.4293296836007,2.5743240408344525,7.427227534494742,0.0
FAM101A,0.0,0.0,0.0,0.0,3.0,0.0,0.0,0.0,0.0,0.0,0.0,0.0,3.0,3.0,408.0,0.0,0.0,0.0,1.0,0.0,1.0,0.0,0.0,1.0,0.940171409,0.6,0.0,3.0,3.0,0.184808723,1.0,0.544069641,0.875232875,20.19111224,504.0,0.03374226,0.0,1.0,2.94,0.15358867,3.4633335,0.16130067,-0.2,1.5927704,0.386882813,2.37e-05,0.0,0.0,0.0,0.0,0.0,0.0,0.0,0.0,0.0,0.0,0.0,0.0,0.0,0.0,0.0,0.0,0.0,0.0,0.0,0.0,0.0,1.0,0.0,0.0,0.0,1.0,0.0,0.0,0.0,0.0,0.0,1.0,24.066666666666663,1.423333333333331,4.830798874566881,11.608038001433364,0.0
ZNF75D,0.0,1.0,0.0,0.0,9.0,1.0,0.0,0.0,0.0,0.0,0.0,1.0,10.0,11.0,1533.0,0.0,0.090909091,0.0,0.818181818,0.0,1.0,0.090909091,0.0,0.947442759,0.943740627,0.467090909,0.0,9.0,11.0,0.981354269,0.147253718,0.824326314,0.377360469,17.96032215,451.6807753,0.03568526,0.0,0.0,4.186818,2.209406,6.464444,2.248106,-6.0624998,1.0146729,0.476521621,0.027385576,0.0,0.0,0.0,0.0,2.0,0.0,0.0,0.0,0.0,0.0,3.0,1.0,0.0,0.0,0.0,0.0,0.0,1.0,1.0,0.0,0.0,1.0,0.0,0.0,0.0,0.0,0.0,0.0,1.0,0.0,0.0,1.0,17.353454545454547,100.31006827272726,6.012811642098445,10.601767276848316,0.0
UTY,1.0,0.0,0.0,0.0,1.0,1.0,0.0,0.0,1.0,0.0,1.0,0.0,3.0,4.0,4335.0,0.0,0.25,0.25,0.25,0.0,1.0,0.25,0.0,0.405639062,0.811234954,0.925,0.0,1.0,4.0,0.140095265,1.0,0.324991875,0.69026815,19.27696028,451.6807753,0.019400984,4.55e-07,4.0,0.73,0.002249429,0.73,0.002249429,-8.287615,1.5927704,0.476521621,0.027385576,0.0,0.0,0.0,0.0,0.0,0.0,0.0,0.0,0.0,0.0,0.0,0.0,0.0,0.0,0.0,0.0,1.0,0.0,0.0,0.0,1.0,0.0,0.0,0.0,0.0,0.0,0.0,0.0,0.0,0.0,0.0,1.0,27.166666666666668,46.083333333333336,4.968777146152702,10.733663960368846,0.0
B3GNT3,0.0,0.0,0.0,0.0,8.0,1.0,0.0,0.0,0.0,0.0,0.0,0.0,9.0,9.0,1119.0,0.0,0.111111111,0.0,0.888888889,0.0,1.0,0.0,0.0,1.0,1.282375368,0.479111111,0.0,8.0,9.0,0.710227273,0.226310122,0.089734386,0.099442224,20.21414359,212.0,0.03707445,1.88e-05,20.0,-3.9944444,1.4641833,3.03125,0.14529527,-9.6149996,1.862906,0.633306917,0.020255415,0.0,0.0,0.0,0.0,0.0,0.0,1.0,0.0,0.0,0.0,1.0,0.0,0.0,0.0,0.0,0.0,0.0,0.0,2.0,0.0,0.0,0.0,0.0,0.0,0.0,0.0,0.0,1.0,4.0,0.0,0.0,1.0,14.9028,163.87323417777782,6.821021153516871,13.849584149718838,0.0
FNBP1,0.0,0.0,0.0,0.0,5.0,1.0,0.0,0.0,0.0,0.0,0.0,0.0,6.0,6.0,1854.0,0.0,0.166666667,0.0,0.833333333,0.0,1.0,0.0,0.0,1.0,1.008443056,0.429833333,0.0,5.0,6.0,0.433651344,1.0,0.561797753,0.885737845,19.09346193,228.0,0.03755896,5.27e-05,25.0,-0.4283333,0.8391778,5.106,1.2146003,-4.3814287,0.29120415,0.067446079,0.000129801,1.0,0.0,0.0,0.0,1.0,0.0,0.0,1.0,0.0,0.0,0.0,0.0,1.0,1.0,1.0,0.0,0.0,0.0,0.0,0.0,0.0,0.0,0.0,0.0,0.0,0.0,0.0,0.0,0.0,0.0,0.0,1.0,21.932,87.59106133333334,7.172653186832023,12.635922116270986,0.0
TMEM30A,0.0,0.0,0.0,0.0,4.0,2.0,0.0,0.0,0.0,0.0,0.0,0.0,6.0,6.0,1086.0,0.0,0.333333333,0.0,0.666666667,0.0,1.0,0.0,0.0,0.871049064,0.548453258,0.789166667,0.0,4.0,6.0,0.017550326,1.0,0.240963855,0.583881526,18.58830033,423.0,-0.002569905,0.001095145,52.0,-2.3783334,0.7593167,1.5577777,0.1066232,-14.186667,0.96101435,0.103482297,0.0005657,0.0,0.0,0.0,0.0,0.0,0.0,1.0,0.0,0.0,0.0,1.0,0.0,0.0,0.0,0.0,0.0,1.0,1.0,1.0,0.0,1.0,0.0,0.0,0.0,0.0,0.0,0.0,0.0,1.0,0.0,0.0,1.0,25.8575,97.50679285714288,8.673092148663164,15.651623193865682,0.0
RACGAP1,0.0,0.0,0.0,0.0,5.0,1.0,0.0,0.0,0.0,0.0,0.0,0.0,6.0,5.0,1899.0,0.0,0.166666667,0.0,0.833333333,0.0,1.0,0.0,0.0,1.0,0.602260553,0.667333333,0.0,5.0,6.0,1.0,1.0,0.301932367,0.663512149,19.95798339,211.0,0.05202597,0.000185271,34.0,13.777693,14.570764,16.491818,16.956446,-1.15,0.017672,0.052738998,7.12e-05,0.0,0.0,0.0,0.0,0.0,1.0,0.0,0.0,0.0,0.0,1.0,2.0,0.0,1.0,0.0,1.0,0.0,0.0,0.0,0.0,0.0,0.0,0.0,0.0,0.0,0.0,0.0,0.0,1.0,0.0,0.0,1.0,20.95475,115.34356907142858,6.591706791399701,12.696027514613473,0.0
DYTN,2.0,0.0,0.0,0.0,15.0,2.0,0.0,0.0,2.0,0.0,2.0,0.0,19.0,19.0,1737.0,0.0,0.095238095,0.095238095,0.714285714,0.0,1.0,0.095238095,0.0,0.831851698,0.99976164,0.56252381,0.0,15.0,21.0,0.120583625,1.0,0.060103378,0.229095398,18.03749762,832.0,0.01399652,0.0,0.0,2.24,0.51726527,4.6706896,0.31126528,-3.6341667,0.55646277,0.476521621,0.027385576,0.0,0.0,1.0,0.0,0.0,0.0,1.0,3.0,2.0,3.0,3.0,0.0,0.0,0.0,1.0,1.0,1.0,1.0,1.0,0.0,0.0,3.0,0.0,0.0,3.0,0.0,2.0,1.0,2.0,0.0,0.0,1.0,16.382133333333332,109.86145287816092,0.0313455680233434,0.0329918101135122,0.0
CEPT1,0.0,0.0,0.0,0.0,2.0,0.0,0.0,0.0,0.0,0.0,0.0,0.0,2.0,2.0,1251.0,0.0,0.0,0.0,1.0,0.0,1.0,0.0,0.0,1.0,1.182957063,0.4155,0.0,2.0,2.0,1.0,1.0,0.481231954,0.833207841,18.56769061,627.0,0.02743306,0.0,2.0,-3.6080003,0.34641023,7.4409455,2.3752002,-3.6080003,0.34641023,0.11011592,0.000392677,0.0,0.0,0.0,1.0,0.0,0.0,0.0,0.0,0.0,0.0,0.0,0.0,0.0,0.0,1.0,0.0,0.0,0.0,0.0,0.0,0.0,0.0,0.0,0.0,0.0,0.0,0.0,0.0,0.0,0.0,0.0,0.0,22.700000000000003,0.0199999999999995,6.369812303453976,10.472008164939623,0.0
STK40,0.0,0.0,0.0,0.0,2.0,0.0,0.0,0.0,0.0,0.0,0.0,0.0,2.0,2.0,1308.0,0.0,0.0,0.0,1.0,0.0,1.0,0.0,0.0,1.0,0.266637332,0.8285,0.0,2.0,2.0,0.320307495,1.0,0.435919791,0.797862693,19.28080407,212.0,0.02794129,2.56e-05,15.0,10.3525,1.5837649,13.89,1.624813,-0.26,1.5927704,0.198966644,0.001052865,0.0,0.0,0.0,0.0,0.0,0.0,1.0,0.0,0.0,0.0,1.0,0.0,0.0,0.0,0.0,0.0,0.0,1.0,0.0,1.0,0.0,0.0,0.0,0.0,0.0,0.0,1.0,0.0,0.0,0.0,0.0,1.0,14.996333333333332,85.56694426666665,7.45015591742589,12.922182496705108,0.0
