geneid,CADD_mean,CADD_var,amp_mean,amp_var,amp_freq,del_mean,del_var,del_freq,abs_mean,abs_var,abs_freq,CSS_mean,CSS_var,freq_Intron,freq_IGR,freq_RNA,freq_Missense_Mutation,freq_3UTR,freq_lincRNA,freq_5Flank,freq_Silent,freq_5UTR,freq_Splice_Site,freq_Nonsense_Mutation,freq_De_novo_Start_OutOfFrame,freq_Frame_Shift_Del,freq_In_Frame_Del,freq_Frame_Shift_Ins,freq_De_novo_Start_InFrame,freq_Start_Codon_SNP,freq_In_Frame_Ins,freq_Nonstop_Mutation,freq_Start_Codon_Del,freq_Stop_Codon_Del,freq_Stop_Codon_Ins,freq_Start_Codon_Ins,freq_SNP,freq_DNP,freq_TNP,freq_DEL,freq_INS,freq_ONP,sample_count_mean,sample_count_var,gc_mean,gc_var,AAA_ref,AAC_ref,AAG_ref,AAT_ref,ACA_ref,ACC_ref,ACG_ref,ACT_ref,AGA_ref,AGC_ref,AGG_ref,ATA_ref,ATC_ref,ATG_ref,CAA_ref,CAC_ref,CAG_ref,CCA_ref,CCC_ref,CCG_ref,CGA_ref,CGC_ref,CTA_ref,CTC_ref,GAA_ref,GAC_ref,GCA_ref,GCC_ref,GGA_ref,GTA_ref,TAA_ref,TCA_ref,exp_mean,exp_var,rep_time,exp_CCLE,label
gc19_pc.5utr::gencode::CTTN::ENSG00000085733.11,5.351875,65.10250931666668,2.2017543684210525,2.9524041660169127,18.0,-1.1666665,0.0555554444445,2.0,2.1031745714285712,2.756878335978857,19.0,0.454288,0.0502917259154666,18.0,0.0,0.0,2.0,0.0,0.0,0.0,0.0,0.0,0.0,0.0,0.0,0.0,0.0,0.0,0.0,0.0,0.0,0.0,0.0,0.0,0.0,0.0,16.0,0.0,0.0,4.0,0.0,0.0,1.0526315789473684,0.0526315789473684,0.50905,0.0065931026315789,1.0,1.0,0.0,0.0,0.0,0.0,1.0,0.0,1.0,0.0,0.0,1.0,0.0,0.0,0.0,0.0,0.0,0.0,1.0,0.0,2.0,1.0,0.0,0.0,1.0,0.0,0.0,2.0,1.0,0.0,0.0,3.0,4.359181835353512,0.2154055681035001,530.0,22.0158220053047,0.0
lncrna.promCore::gencode::RP11-467J12.2::ENSG00000260258.2,4.511,0.0,1.0,0.0,1.0,-0.8333333333333334,0.0833333333333333,3.0,0.875,0.0625,4.0,0.378357,0.0,0.0,0.0,1.0,0.0,0.0,0.0,0.0,0.0,0.0,0.0,0.0,0.0,0.0,0.0,0.0,0.0,0.0,0.0,0.0,0.0,0.0,0.0,0.0,1.0,0.0,0.0,0.0,0.0,0.0,1.0,0.0,0.443,0.0,0.0,0.0,0.0,0.0,1.0,0.0,0.0,0.0,0.0,0.0,0.0,0.0,0.0,0.0,0.0,0.0,0.0,0.0,0.0,0.0,0.0,0.0,0.0,0.0,0.0,0.0,0.0,0.0,0.0,0.0,0.0,0.0,0.0089624937452713,0.0004649548058355,850.0,14.757442098801803,0.0
lncrna.promCore::gencode::SNHG7::ENSG00000233016.2,0.0,0.0,1.0,0.1913579753086667,10.0,-0.9444445,0.0185184814815,6.0,0.9791666875,0.1217592157407625,16.0,0.4744023333333333,0.0215096594523333,0.0,2.0,1.0,0.0,0.0,0.0,0.0,0.0,0.0,0.0,0.0,0.0,0.0,0.0,0.0,0.0,0.0,0.0,0.0,0.0,0.0,0.0,0.0,3.0,0.0,0.0,0.0,0.0,0.0,1.0,0.0,0.539,0.0022569999999999,0.0,0.0,0.0,0.0,0.0,0.0,0.0,0.0,1.0,0.0,0.0,0.0,0.0,0.0,0.0,0.0,0.0,0.0,0.0,0.0,0.0,0.0,1.0,1.0,0.0,0.0,0.0,0.0,0.0,0.0,0.0,0.0,2.656807860048591,0.3829409247932063,190.0,20.13017587107836,0.0
mirna_pre::mirbase_pre::hsa-mir-92b::MI0003560,0.0,0.0,1.7943262553191488,1.3782761677459336,47.0,0.0,0.0,0.0,1.7943262553191488,1.3782761677459336,47.0,0.0,0.0,0.0,0.0,0.0,0.0,0.0,0.0,0.0,0.0,0.0,0.0,0.0,0.0,0.0,0.0,0.0,0.0,0.0,0.0,0.0,0.0,0.0,0.0,0.0,0.0,0.0,0.0,0.0,0.0,0.0,0.0,0.0,0.0,0.0,0.0,0.0,0.0,0.0,0.0,0.0,0.0,0.0,0.0,0.0,0.0,0.0,0.0,0.0,0.0,0.0,0.0,0.0,0.0,0.0,0.0,0.0,0.0,0.0,0.0,0.0,0.0,0.0,0.0,0.0,0.0,0.0,0.0,0.0,193.0,21.3023460741998,1.0
lncrna.promCore::mitranscriptome::G067879::G067879,4.259444444444444,7.135654777777776,1.240740777777778,0.6049382237654444,9.0,-0.6666666666666666,0.0833333333333333,3.0,1.09722225,0.5225168089225682,12.0,0.5203767777777778,0.0260937969109444,0.0,9.0,0.0,0.0,0.0,0.0,0.0,0.0,0.0,0.0,0.0,0.0,0.0,0.0,0.0,0.0,0.0,0.0,0.0,0.0,0.0,0.0,0.0,9.0,0.0,0.0,0.0,0.0,0.0,1.125,0.125,0.5183333333333333,0.0027069999999999,0.0,1.0,0.0,0.0,0.0,3.0,0.0,0.0,1.0,1.0,0.0,0.0,0.0,0.0,0.0,0.0,0.0,0.0,0.0,0.0,0.0,0.0,0.0,2.0,0.0,0.0,0.0,0.0,0.0,0.0,1.0,0.0,0.0254722138262107,0.0008508644162607,273.0,19.372816184046147,0.0
enhancers::chr3:121676000-121677200::NA::NA,0.0,0.0,1.0,0.0,2.0,-0.5555556666666667,0.0092592962963333,3.0,0.7333334,0.0638888777778,5.0,0.0,0.0,0.0,0.0,0.0,0.0,0.0,0.0,0.0,0.0,0.0,0.0,0.0,0.0,0.0,0.0,0.0,0.0,0.0,0.0,0.0,0.0,0.0,0.0,0.0,0.0,0.0,0.0,0.0,0.0,0.0,0.0,0.0,0.0,0.0,0.0,0.0,0.0,0.0,0.0,0.0,0.0,0.0,0.0,0.0,0.0,0.0,0.0,0.0,0.0,0.0,0.0,0.0,0.0,0.0,0.0,0.0,0.0,0.0,0.0,0.0,0.0,0.0,0.0,0.0,0.0,0.0,0.0,0.0,550.0,16.727933745840424,0.0
mirna_pre::mirbase_pre::hsa-mir-378a::MI0000786,0.0,0.0,1.2051282307692308,0.380341850427359,13.0,-1.0,0.0,3.0,1.1666666875,0.3111110888888958,16.0,0.0,0.0,0.0,0.0,0.0,0.0,0.0,0.0,0.0,0.0,0.0,0.0,0.0,0.0,0.0,0.0,0.0,0.0,0.0,0.0,0.0,0.0,0.0,0.0,0.0,0.0,0.0,0.0,0.0,0.0,0.0,0.0,0.0,0.0,0.0,0.0,0.0,0.0,0.0,0.0,0.0,0.0,0.0,0.0,0.0,0.0,0.0,0.0,0.0,0.0,0.0,0.0,0.0,0.0,0.0,0.0,0.0,0.0,0.0,0.0,0.0,0.0,0.0,0.0,0.0,0.0,0.0,0.0,0.0,312.0,15.734445017206024,1.0
smallrna.ncrna::rfam::mir-26::RF00244.1.5581,0.0,0.0,1.75,0.9166666666666669,4.0,0.0,0.0,0.0,1.75,0.9166666666666669,4.0,0.0,0.0,0.0,0.0,0.0,0.0,0.0,0.0,0.0,0.0,0.0,0.0,0.0,0.0,0.0,0.0,0.0,0.0,0.0,0.0,0.0,0.0,0.0,0.0,0.0,0.0,0.0,0.0,0.0,0.0,0.0,0.0,0.0,0.0,0.0,0.0,0.0,0.0,0.0,0.0,0.0,0.0,0.0,0.0,0.0,0.0,0.0,0.0,0.0,0.0,0.0,0.0,0.0,0.0,0.0,0.0,0.0,0.0,0.0,0.0,0.0,0.0,0.0,0.0,0.0,0.0,0.0,0.0,0.0,238.0,20.50861012905897,1.0
gc19_pc.3utr::gencode::RPL35::ENSG00000136942.10,0.0,0.0,0.8333334000000001,0.0555555277778,5.0,-0.952381,0.015872984127,7.0,0.9027778333333334,0.0326178164983333,12.0,0.446536,0.0,0.0,0.0,0.0,0.0,0.0,0.0,0.0,1.0,0.0,0.0,0.0,0.0,0.0,0.0,0.0,0.0,0.0,0.0,0.0,0.0,0.0,0.0,0.0,1.0,0.0,0.0,0.0,0.0,0.0,1.0,0.0,0.622,0.0,0.0,0.0,0.0,0.0,0.0,0.0,0.0,0.0,0.0,0.0,0.0,0.0,0.0,0.0,0.0,0.0,0.0,1.0,0.0,0.0,0.0,0.0,0.0,0.0,0.0,0.0,0.0,0.0,0.0,0.0,0.0,0.0,7.401686831973537,0.406704977597517,207.0,21.106865131527226,0.0
lncrna.ncrna::gencode::RP11-531F16.4::ENSG00000273261.1,0.0,0.0,1.0,0.0,7.0,-0.79166675,0.06249997222225,4.0,0.9242424545454546,0.0297979626262727,11.0,0.0,0.0,0.0,0.0,0.0,0.0,0.0,0.0,0.0,0.0,0.0,0.0,0.0,0.0,0.0,0.0,0.0,0.0,0.0,0.0,0.0,0.0,0.0,0.0,0.0,0.0,0.0,0.0,0.0,0.0,0.0,0.0,0.0,0.0,0.0,0.0,0.0,0.0,0.0,0.0,0.0,0.0,0.0,0.0,0.0,0.0,0.0,0.0,0.0,0.0,0.0,0.0,0.0,0.0,0.0,0.0,0.0,0.0,0.0,0.0,0.0,0.0,0.0,0.0,0.0,0.0,0.0,1.001744575424383,0.1483574052963103,559.0,20.15192329128797,0.0
gc19_pc.3utr::gencode::CNEP1R1::ENSG00000205423.7,14.205,5.412049999999997,0.0,0.0,0.0,-1.0,0.0,2.0,1.0,0.0,2.0,0.5856779999999999,0.006442941128,0.0,0.0,0.0,0.0,2.0,0.0,0.0,0.0,0.0,0.0,0.0,0.0,0.0,0.0,0.0,0.0,0.0,0.0,0.0,0.0,0.0,0.0,0.0,2.0,0.0,0.0,0.0,0.0,0.0,1.0,0.0,0.3429999999999999,0.0012499999999999,0.0,0.0,0.0,0.0,0.0,0.0,0.0,0.0,0.0,0.0,0.0,0.0,0.0,0.0,0.0,0.0,0.0,0.0,0.0,0.0,0.0,0.0,0.0,0.0,0.0,0.0,1.0,0.0,0.0,0.0,1.0,0.0,2.217820879214497,0.0811357748352328,594.0,17.324690379448853,0.0
gc19_pc.5utr::gencode::IFFO2::ENSG00000169991.6,0.0,0.0,1.25,0.375,6.0,-0.8859649736842105,0.0346925596649452,38.0,0.9356061136363636,0.0894262099483356,44.0,0.0,0.0,0.0,0.0,0.0,0.0,0.0,0.0,0.0,0.0,0.0,0.0,0.0,0.0,0.0,0.0,0.0,0.0,0.0,0.0,0.0,0.0,0.0,0.0,0.0,0.0,0.0,0.0,0.0,0.0,0.0,0.0,0.0,0.0,0.0,0.0,0.0,0.0,0.0,0.0,0.0,0.0,0.0,0.0,0.0,0.0,0.0,0.0,0.0,0.0,0.0,0.0,0.0,0.0,0.0,0.0,0.0,0.0,0.0,0.0,0.0,0.0,0.0,0.0,0.0,0.0,0.0,1.9564439392758743,0.2882706382755635,453.0,19.043924415613173,0.0
mirna_pre::mirbase_pre::hsa-mir-107::MI0000114,0.0,0.0,1.2222223333333333,0.4814812962963333,3.0,-0.8333333333333334,0.0833333333333333,3.0,1.0277778333333334,0.2712962481481666,6.0,0.0,0.0,0.0,0.0,0.0,0.0,0.0,0.0,0.0,0.0,0.0,0.0,0.0,0.0,0.0,0.0,0.0,0.0,0.0,0.0,0.0,0.0,0.0,0.0,0.0,0.0,0.0,0.0,0.0,0.0,0.0,0.0,0.0,0.0,0.0,0.0,0.0,0.0,0.0,0.0,0.0,0.0,0.0,0.0,0.0,0.0,0.0,0.0,0.0,0.0,0.0,0.0,0.0,0.0,0.0,0.0,0.0,0.0,0.0,0.0,0.0,0.0,0.0,0.0,0.0,0.0,0.0,0.0,0.0,334.0,17.71260760168055,1.0
gc19_pc.5utr::gencode::ZNF225::ENSG00000256294.3,5.9705,3.9377683333333326,1.5,0.3333333333333333,4.0,0.0,0.0,0.0,1.5,0.3333333333333333,4.0,0.4241177499999999,0.0237006260849166,1.0,0.0,0.0,0.0,0.0,0.0,4.0,0.0,0.0,0.0,0.0,0.0,0.0,0.0,0.0,0.0,0.0,0.0,0.0,0.0,0.0,0.0,0.0,4.0,0.0,0.0,1.0,0.0,0.0,1.0,0.0,0.4546,0.0068948,0.0,0.0,0.0,0.0,0.0,0.0,0.0,0.0,0.0,0.0,0.0,2.0,0.0,1.0,0.0,0.0,0.0,0.0,0.0,0.0,0.0,1.0,0.0,0.0,0.0,0.0,0.0,0.0,0.0,0.0,0.0,0.0,0.9949557386804676,0.078808752426308,558.0,19.305246845191608,0.0
smallrna.ncrna::rfam::mir-324::RF01063.3.7723,4.622,0.0,1.2916664999999998,0.109126968254,8.0,-1.0,0.0,1.0,1.2592591111111109,0.1049382469136111,9.0,0.354146,0.0,1.0,0.0,0.0,0.0,0.0,0.0,0.0,0.0,0.0,0.0,0.0,0.0,0.0,0.0,0.0,0.0,0.0,0.0,0.0,0.0,0.0,0.0,0.0,1.0,0.0,0.0,0.0,0.0,0.0,1.0,0.0,0.617,0.0,0.0,0.0,0.0,0.0,0.0,0.0,0.0,0.0,0.0,0.0,0.0,0.0,0.0,0.0,0.0,0.0,0.0,0.0,1.0,0.0,0.0,0.0,0.0,0.0,0.0,0.0,0.0,0.0,0.0,0.0,0.0,0.0,0.0250575132169229,0.0125440331125304,217.0,21.15181555137338,0.0
gc19_pc.promCore::gencode::GPR111::ENSG00000164393.4,3.7178,13.4435536,0.8333335000000002,0.031745968254,8.0,0.0,0.0,0.0,0.8333335000000002,0.031745968254,8.0,0.5356150000000001,0.03292211142,15.0,0.0,0.0,0.0,0.0,0.0,1.0,0.0,0.0,0.0,0.0,0.0,0.0,0.0,0.0,0.0,0.0,0.0,0.0,0.0,0.0,0.0,0.0,15.0,0.0,0.0,0.0,1.0,0.0,1.1428571428571428,0.1318681318681318,0.3891875000000001,0.0111524291666666,0.0,1.0,0.0,0.0,0.0,0.0,1.0,1.0,1.0,0.0,0.0,2.0,0.0,0.0,0.0,1.0,0.0,0.0,1.0,1.0,1.0,0.0,1.0,0.0,0.0,0.0,1.0,0.0,0.0,0.0,2.0,1.0,0.0053543871460998,0.0006105333136772,618.0,15.399344689672729,0.0
gc19_pc.3utr::gencode::C20orf173::ENSG00000125975.9,6.221,9.190926999999997,1.5,0.5,2.0,-0.666667,0.0,1.0,1.2222223333333333,0.4814812962963333,3.0,0.5118950000000001,0.117103579509,2.0,1.0,0.0,0.0,0.0,0.0,0.0,0.0,0.0,0.0,0.0,0.0,0.0,0.0,0.0,0.0,0.0,0.0,0.0,0.0,0.0,0.0,0.0,3.0,0.0,0.0,0.0,0.0,0.0,1.0,0.0,0.476,0.0014169999999999,0.0,0.0,0.0,0.0,0.0,0.0,0.0,0.0,0.0,0.0,0.0,0.0,0.0,0.0,0.0,1.0,0.0,0.0,0.0,0.0,0.0,0.0,0.0,1.0,1.0,0.0,0.0,0.0,0.0,0.0,0.0,0.0,0.0018362220254582,8.762616679086685e-05,167.0,20.82879272817862,0.0
gc19_pc.3utr::gencode::PIKFYVE::ENSG00000115020.12,5.9210810810810806,39.21991090990989,1.125,0.3958333333333333,4.0,-0.7133334,0.0775555477778,5.0,0.8962963333333334,0.234290104321,9.0,0.4173797027027026,0.0506575439397147,30.0,0.0,0.0,4.0,4.0,0.0,0.0,0.0,0.0,0.0,0.0,0.0,0.0,0.0,0.0,0.0,0.0,0.0,0.0,0.0,0.0,0.0,0.0,37.0,1.0,0.0,0.0,0.0,0.0,1.0857142857142856,0.0806722689075629,0.3522894736842106,0.0062162112375533,1.0,0.0,3.0,0.0,0.0,0.0,0.0,0.0,1.0,2.0,1.0,5.0,3.0,1.0,1.0,0.0,2.0,0.0,0.0,0.0,1.0,2.0,1.0,0.0,0.0,1.0,3.0,0.0,1.0,3.0,3.0,2.0,2.70726737031328,0.1504513699081599,539.0,18.7665839040877,0.0
smallrna.ncrna::gencode::RN7SL54P::ENSG00000265077.1,1.301,0.0,0.0,0.0,0.0,-1.0,0.0,1.0,1.0,0.0,1.0,0.363006,0.0,0.0,0.0,1.0,0.0,0.0,0.0,0.0,0.0,0.0,0.0,0.0,0.0,0.0,0.0,0.0,0.0,0.0,0.0,0.0,0.0,0.0,0.0,0.0,1.0,0.0,0.0,0.0,0.0,0.0,1.0,0.0,0.473,0.0,0.0,0.0,0.0,0.0,1.0,0.0,0.0,0.0,0.0,0.0,0.0,0.0,0.0,0.0,0.0,0.0,0.0,0.0,0.0,0.0,0.0,0.0,0.0,0.0,0.0,0.0,0.0,0.0,0.0,0.0,0.0,0.0,0.005735259812578,0.0013508517543103,392.0,16.743821977803115,0.0
gc19_pc.promCore::gencode::HRASLS5::ENSG00000168004.5,0.0,0.0,1.1111113333333331,0.5925922962963334,3.0,-0.9444445,0.0185184814815,6.0,1.0000001111111112,0.1666665833333611,9.0,0.0,0.0,0.0,0.0,0.0,0.0,0.0,0.0,0.0,0.0,0.0,0.0,0.0,0.0,0.0,0.0,0.0,0.0,0.0,0.0,0.0,0.0,0.0,0.0,0.0,0.0,0.0,0.0,0.0,0.0,0.0,0.0,0.0,0.0,0.0,0.0,0.0,0.0,0.0,0.0,0.0,0.0,0.0,0.0,0.0,0.0,0.0,0.0,0.0,0.0,0.0,0.0,0.0,0.0,0.0,0.0,0.0,0.0,0.0,0.0,0.0,0.0,0.0,0.0,0.0,0.0,0.0,0.0743761231918682,0.016424287357075,459.0,14.867423542571078,0.0
gc19_pc.promCore::gencode::ANXA8L1::ENSG00000150165.13,0.0,0.0,0.0,0.0,0.0,-0.8888889999999999,0.037036962963,3.0,0.8888889999999999,0.037036962963,3.0,0.0,0.0,0.0,0.0,0.0,0.0,0.0,0.0,0.0,0.0,0.0,0.0,0.0,0.0,0.0,0.0,0.0,0.0,0.0,0.0,0.0,0.0,0.0,0.0,0.0,0.0,0.0,0.0,0.0,0.0,0.0,0.0,0.0,0.0,0.0,0.0,0.0,0.0,0.0,0.0,0.0,0.0,0.0,0.0,0.0,0.0,0.0,0.0,0.0,0.0,0.0,0.0,0.0,0.0,0.0,0.0,0.0,0.0,0.0,0.0,0.0,0.0,0.0,0.0,0.0,0.0,0.0,0.1205971829112132,0.0418939796817378,208.0,19.50875228455621,0.0
gc19_pc.5utr::gencode::TGM3::ENSG00000125780.11,0.0,0.0,0.8333335,0.0555554444445,2.0,-0.75,0.125,2.0,0.79166675,0.06249997222225,4.0,0.0,0.0,0.0,0.0,0.0,0.0,0.0,0.0,0.0,0.0,0.0,0.0,0.0,0.0,0.0,0.0,0.0,0.0,0.0,0.0,0.0,0.0,0.0,0.0,0.0,0.0,0.0,0.0,0.0,0.0,0.0,0.0,0.0,0.0,0.0,0.0,0.0,0.0,0.0,0.0,0.0,0.0,0.0,0.0,0.0,0.0,0.0,0.0,0.0,0.0,0.0,0.0,0.0,0.0,0.0,0.0,0.0,0.0,0.0,0.0,0.0,0.0,0.0,0.0,0.0,0.0,0.0,1.260855663636934,2.4988189542629526,457.0,13.83851456335862,0.0
enhancers::chr1:154214000-154215000::NA::NA,0.0,0.0,1.7583333499999998,1.6281338088319257,40.0,-0.666667,0.0,1.0,1.7317073414634143,1.6164971811653306,41.0,0.0,0.0,0.0,0.0,0.0,0.0,0.0,0.0,0.0,0.0,0.0,0.0,0.0,0.0,0.0,0.0,0.0,0.0,0.0,0.0,0.0,0.0,0.0,0.0,0.0,0.0,0.0,0.0,0.0,0.0,0.0,0.0,0.0,0.0,0.0,0.0,0.0,0.0,0.0,0.0,0.0,0.0,0.0,0.0,0.0,0.0,0.0,0.0,0.0,0.0,0.0,0.0,0.0,0.0,0.0,0.0,0.0,0.0,0.0,0.0,0.0,0.0,0.0,0.0,0.0,0.0,0.0,0.0,0.0,185.0,21.34172783296848,0.0
enhancers::chr3:143284400-143286400::NA::NA,11.245,0.9384499999999976,1.0,0.0,2.0,-1.0,0.0,1.0,1.0,0.0,3.0,0.3043295,0.0022769776444999,2.0,0.0,0.0,0.0,0.0,0.0,0.0,0.0,0.0,0.0,0.0,0.0,0.0,0.0,0.0,0.0,0.0,0.0,0.0,0.0,0.0,0.0,0.0,2.0,0.0,0.0,0.0,0.0,0.0,1.0,0.0,0.388,0.0007999999999999,0.0,0.0,0.0,0.0,0.0,1.0,0.0,0.0,0.0,0.0,0.0,0.0,0.0,0.0,1.0,0.0,0.0,0.0,0.0,0.0,0.0,0.0,0.0,0.0,0.0,0.0,0.0,0.0,0.0,0.0,0.0,0.0,0.0,0.0,862.0,16.272903107224767,0.0
smallrna.ncrna::gencode::RN7SL309P::ENSG00000239356.2,0.0,0.0,1.1111113333333331,0.5925922962963334,3.0,-0.91666675,0.02777772222225,4.0,1.0000001428571428,0.2222221111111428,7.0,0.0,0.0,0.0,0.0,0.0,0.0,0.0,0.0,0.0,0.0,0.0,0.0,0.0,0.0,0.0,0.0,0.0,0.0,0.0,0.0,0.0,0.0,0.0,0.0,0.0,0.0,0.0,0.0,0.0,0.0,0.0,0.0,0.0,0.0,0.0,0.0,0.0,0.0,0.0,0.0,0.0,0.0,0.0,0.0,0.0,0.0,0.0,0.0,0.0,0.0,0.0,0.0,0.0,0.0,0.0,0.0,0.0,0.0,0.0,0.0,0.0,0.0,0.0,0.0,0.0,0.0,0.0,0.0024912809364449,0.0005772027054993,202.0,21.10860612877801,0.0
enhancers::chr16:52606600-52610400::NA::NA,4.742333333333334,33.89942033333334,1.0,0.0,1.0,-0.8333333333333334,0.0833333333333333,3.0,0.875,0.0625,4.0,0.361107,0.004920295984,0.0,0.0,0.0,0.0,0.0,4.0,0.0,0.0,0.0,0.0,0.0,0.0,0.0,0.0,0.0,0.0,0.0,0.0,0.0,0.0,0.0,0.0,0.0,3.0,0.0,0.0,1.0,0.0,0.0,1.0,0.0,0.41425,0.0023729166666666,1.0,0.0,0.0,0.0,0.0,0.0,0.0,0.0,0.0,0.0,1.0,0.0,1.0,0.0,0.0,0.0,0.0,0.0,0.0,0.0,0.0,0.0,0.0,0.0,0.0,0.0,0.0,0.0,0.0,0.0,0.0,0.0,0.0,0.0,964.0,18.61705846388973,0.0
gc19_pc.5utr::gencode::NAGS::ENSG00000161653.6,0.0,0.0,0.75,0.125,2.0,-0.7083335,0.043981462963,4.0,0.7222223333333333,0.0518518370370666,6.0,0.0,0.0,0.0,0.0,0.0,0.0,0.0,0.0,0.0,0.0,0.0,0.0,0.0,0.0,0.0,0.0,0.0,0.0,0.0,0.0,0.0,0.0,0.0,0.0,0.0,0.0,0.0,0.0,0.0,0.0,0.0,0.0,0.0,0.0,0.0,0.0,0.0,0.0,0.0,0.0,0.0,0.0,0.0,0.0,0.0,0.0,0.0,0.0,0.0,0.0,0.0,0.0,0.0,0.0,0.0,0.0,0.0,0.0,0.0,0.0,0.0,0.0,0.0,0.0,0.0,0.0,0.0,3.3857973887998027,1.3984280015843755,241.0,18.543073368452227,0.0
lncrna.promCore::gencode::CTD-2135D7.2::ENSG00000262732.1,0.0,0.0,1.0,0.0,3.0,0.0,0.0,0.0,1.0,0.0,3.0,0.0,0.0,0.0,0.0,0.0,0.0,0.0,0.0,0.0,0.0,0.0,0.0,0.0,0.0,0.0,0.0,0.0,0.0,0.0,0.0,0.0,0.0,0.0,0.0,0.0,0.0,0.0,0.0,0.0,0.0,0.0,0.0,0.0,0.0,0.0,0.0,0.0,0.0,0.0,0.0,0.0,0.0,0.0,0.0,0.0,0.0,0.0,0.0,0.0,0.0,0.0,0.0,0.0,0.0,0.0,0.0,0.0,0.0,0.0,0.0,0.0,0.0,0.0,0.0,0.0,0.0,0.0,0.0461932724113677,0.0025910778417138,251.0,17.863641838688494,0.0
enhancers::chr5:177120400-177121000::NA::NA,0.0,0.0,1.3205128461538462,0.5021367158119744,13.0,-1.0333334,0.0888888277778,5.0,1.240740777777778,0.3928830341321831,18.0,0.0,0.0,0.0,0.0,0.0,0.0,0.0,0.0,0.0,0.0,0.0,0.0,0.0,0.0,0.0,0.0,0.0,0.0,0.0,0.0,0.0,0.0,0.0,0.0,0.0,0.0,0.0,0.0,0.0,0.0,0.0,0.0,0.0,0.0,0.0,0.0,0.0,0.0,0.0,0.0,0.0,0.0,0.0,0.0,0.0,0.0,0.0,0.0,0.0,0.0,0.0,0.0,0.0,0.0,0.0,0.0,0.0,0.0,0.0,0.0,0.0,0.0,0.0,0.0,0.0,0.0,0.0,0.0,0.0,475.0,14.829425445864093,0.0
gc19_pc.promCore::gencode::DUOXA1::ENSG00000140254.8,6.581666666666666,32.73765233333333,0.8333335,0.0555554444444999,2.0,-0.79166675,0.0624999722222499,4.0,0.8055556666666667,0.0490740370370666,6.0,0.5374183333333333,0.1005981333493333,1.0,0.0,0.0,0.0,0.0,0.0,2.0,0.0,0.0,0.0,0.0,0.0,0.0,0.0,0.0,0.0,0.0,0.0,0.0,0.0,0.0,0.0,0.0,3.0,0.0,0.0,0.0,0.0,0.0,1.0,0.0,0.499,0.000337,0.0,0.0,0.0,0.0,0.0,0.0,0.0,0.0,0.0,0.0,1.0,1.0,0.0,0.0,0.0,0.0,0.0,0.0,0.0,0.0,0.0,0.0,0.0,0.0,1.0,0.0,0.0,0.0,0.0,0.0,0.0,0.0,0.0670165199787317,0.0113063692885135,544.0,17.37549766953659,0.0
gc19_pc.5utr::gencode::KSR2::ENSG00000171435.9,15.61,0.0,1.3333333333333333,0.3333333333333333,3.0,-0.95,0.0249999999999999,10.0,1.0384615384615383,0.1025641025641025,13.0,0.2822,0.0,0.0,0.0,0.0,0.0,0.0,0.0,0.0,0.0,1.0,0.0,0.0,0.0,0.0,0.0,0.0,0.0,0.0,0.0,0.0,0.0,0.0,0.0,0.0,1.0,0.0,0.0,0.0,0.0,0.0,1.0,0.0,0.483,0.0,0.0,0.0,0.0,0.0,0.0,1.0,0.0,0.0,0.0,0.0,0.0,0.0,0.0,0.0,0.0,0.0,0.0,0.0,0.0,0.0,0.0,0.0,0.0,0.0,0.0,0.0,0.0,0.0,0.0,0.0,0.0,0.0,0.0241423655468108,0.0014704493393836,571.0,20.302724815058465,0.0
mirna.prom::chr17:58144148-58155893_2::NA::NA,2.7706000000000004,3.9904238000000007,1.677083375,1.5424767620370496,15.0,0.0,0.0,0.0,1.677083375,1.5424767620370496,15.0,0.4507628,0.0686413308457,5.0,0.0,0.0,0.0,0.0,0.0,0.0,0.0,0.0,0.0,0.0,0.0,0.0,0.0,0.0,0.0,0.0,0.0,0.0,0.0,0.0,0.0,0.0,5.0,0.0,0.0,0.0,0.0,0.0,1.0,0.0,0.386,0.0019075,0.0,0.0,2.0,1.0,1.0,0.0,0.0,0.0,0.0,1.0,0.0,0.0,0.0,0.0,0.0,0.0,0.0,0.0,0.0,0.0,0.0,0.0,0.0,0.0,0.0,0.0,0.0,0.0,0.0,0.0,0.0,0.0,0.0,0.0,223.0,18.873384031013767,0.0
mirna_pre::mirbase_pre::hsa-mir-193b::MI0003137,0.0,0.0,1.0,0.0,3.0,0.0,0.0,0.0,1.0,0.0,3.0,0.0,0.0,0.0,0.0,0.0,0.0,0.0,0.0,0.0,0.0,0.0,0.0,0.0,0.0,0.0,0.0,0.0,0.0,0.0,0.0,0.0,0.0,0.0,0.0,0.0,0.0,0.0,0.0,0.0,0.0,0.0,0.0,0.0,0.0,0.0,0.0,0.0,0.0,0.0,0.0,0.0,0.0,0.0,0.0,0.0,0.0,0.0,0.0,0.0,0.0,0.0,0.0,0.0,0.0,0.0,0.0,0.0,0.0,0.0,0.0,0.0,0.0,0.0,0.0,0.0,0.0,0.0,0.0,0.0,182.0,19.212759969859054,0.0
gc19_pc.promCore::gencode::AC006435.1::ENSG00000205821.4,0.0,0.0,0.0,0.0,0.0,-0.923077,0.0213674786324999,13.0,0.923077,0.0213674786324999,13.0,0.0,0.0,0.0,0.0,0.0,0.0,0.0,0.0,0.0,0.0,0.0,0.0,0.0,0.0,0.0,0.0,0.0,0.0,0.0,0.0,0.0,0.0,0.0,0.0,0.0,0.0,0.0,0.0,0.0,0.0,0.0,0.0,0.0,0.0,0.0,0.0,0.0,0.0,0.0,0.0,0.0,0.0,0.0,0.0,0.0,0.0,0.0,0.0,0.0,0.0,0.0,0.0,0.0,0.0,0.0,0.0,0.0,0.0,0.0,0.0,0.0,0.0,0.0,0.0,0.0,0.0,0.0,0.0,0.0,271.0,19.003152778152824,0.0
mirna_pre::mirbase_pre::hsa-mir-146a::MI0000477,0.0,0.0,1.2,0.424691308642,10.0,-0.875,0.0625,4.0,1.1071428571428572,0.3316544224664396,14.0,0.0,0.0,0.0,0.0,0.0,0.0,0.0,0.0,0.0,0.0,0.0,0.0,0.0,0.0,0.0,0.0,0.0,0.0,0.0,0.0,0.0,0.0,0.0,0.0,0.0,0.0,0.0,0.0,0.0,0.0,0.0,0.0,0.0,0.0,0.0,0.0,0.0,0.0,0.0,0.0,0.0,0.0,0.0,0.0,0.0,0.0,0.0,0.0,0.0,0.0,0.0,0.0,0.0,0.0,0.0,0.0,0.0,0.0,0.0,0.0,0.0,0.0,0.0,0.0,0.0,0.0,0.0,0.0,0.0,619.0,16.912246134753335,1.0
lncrna.promCore::mitranscriptome::G021413::G021413,0.0,0.0,0.0,0.0,0.0,-0.8541667500000001,0.0402777444444666,16.0,0.8541667500000001,0.0402777444444666,16.0,0.0,0.0,0.0,0.0,0.0,0.0,0.0,0.0,0.0,0.0,0.0,0.0,0.0,0.0,0.0,0.0,0.0,0.0,0.0,0.0,0.0,0.0,0.0,0.0,0.0,0.0,0.0,0.0,0.0,0.0,0.0,0.0,0.0,0.0,0.0,0.0,0.0,0.0,0.0,0.0,0.0,0.0,0.0,0.0,0.0,0.0,0.0,0.0,0.0,0.0,0.0,0.0,0.0,0.0,0.0,0.0,0.0,0.0,0.0,0.0,0.0,0.0,0.0,0.0,0.0,0.0,0.0,1.8029850305939048,0.5024109143884777,369.0,18.049274249337504,0.0
mirna_pre::mirbase_pre::hsa-mir-27b::MI0000440,0.0,0.0,0.5833335,0.0138889444445,2.0,-0.91666675,0.0277777222222499,4.0,0.8055556666666668,0.0490740370370666,6.0,0.0,0.0,0.0,0.0,0.0,0.0,0.0,0.0,0.0,0.0,0.0,0.0,0.0,0.0,0.0,0.0,0.0,0.0,0.0,0.0,0.0,0.0,0.0,0.0,0.0,0.0,0.0,0.0,0.0,0.0,0.0,0.0,0.0,0.0,0.0,0.0,0.0,0.0,0.0,0.0,0.0,0.0,0.0,0.0,0.0,0.0,0.0,0.0,0.0,0.0,0.0,0.0,0.0,0.0,0.0,0.0,0.0,0.0,0.0,0.0,0.0,0.0,0.0,0.0,0.0,0.0,0.0,0.0,0.0,429.0,19.19276958800862,1.0
gc19_pc.promCore::gencode::GRSF1::ENSG00000132463.9,0.0,0.0,1.75,0.25,4.0,-0.9333333,0.0629629333333444,10.0,1.1666666428571428,0.2478632393162472,14.0,0.0,0.0,1.0,0.0,0.0,0.0,0.0,0.0,0.0,0.0,0.0,0.0,0.0,0.0,0.0,0.0,0.0,0.0,0.0,0.0,0.0,0.0,0.0,0.0,0.0,0.0,0.0,0.0,0.0,1.0,0.0,1.0,0.0,0.693,0.0,0.0,0.0,0.0,0.0,0.0,0.0,0.0,0.0,0.0,0.0,0.0,0.0,0.0,0.0,0.0,0.0,0.0,0.0,0.0,0.0,0.0,0.0,0.0,0.0,0.0,0.0,0.0,0.0,0.0,0.0,0.0,0.0,3.561404912605947,0.0838020210254773,553.0,18.005525869267498,0.0
lncrna.ss::mitranscriptome::G046380::G046380,0.0,0.0,0.8333333333333334,0.0833333333333333,3.0,-0.8888889999999999,0.0296295703704,6.0,0.8703704444444446,0.0401234228395277,9.0,0.0,0.0,0.0,0.0,0.0,0.0,0.0,0.0,0.0,0.0,0.0,0.0,0.0,0.0,0.0,0.0,0.0,0.0,0.0,0.0,0.0,0.0,0.0,0.0,0.0,0.0,0.0,0.0,0.0,0.0,0.0,0.0,0.0,0.0,0.0,0.0,0.0,0.0,0.0,0.0,0.0,0.0,0.0,0.0,0.0,0.0,0.0,0.0,0.0,0.0,0.0,0.0,0.0,0.0,0.0,0.0,0.0,0.0,0.0,0.0,0.0,0.0,0.0,0.0,0.0,0.0,0.0,0.0007021568333116,2.5449829522518675e-05,581.0,10.593391122791736,0.0
lncrna.ncrna::mitranscriptome::G029832::G029832,8.859,0.0,1.0,0.0,3.0,0.0,0.0,0.0,1.0,0.0,3.0,0.522554,0.0,0.0,1.0,0.0,0.0,0.0,0.0,0.0,0.0,0.0,0.0,0.0,0.0,0.0,0.0,0.0,0.0,0.0,0.0,0.0,0.0,0.0,0.0,0.0,1.0,0.0,0.0,0.0,0.0,0.0,1.0,0.0,0.393,0.0,0.0,0.0,0.0,0.0,0.0,0.0,0.0,0.0,0.0,0.0,0.0,0.0,0.0,0.0,1.0,0.0,0.0,0.0,0.0,0.0,0.0,0.0,0.0,0.0,0.0,0.0,0.0,0.0,0.0,0.0,0.0,0.0,1.4103960107848446,0.6381939429504395,129.0,16.135047899297934,0.0
mirna_mat::mirbase_mature::hsa-miR-1292-5p::MIMAT0005943,0.0,0.0,0.8333335,0.037036962963,4.0,-0.75,0.125,2.0,0.8055556666666667,0.0490740370370666,6.0,0.0,0.0,0.0,0.0,0.0,0.0,0.0,0.0,0.0,0.0,0.0,0.0,0.0,0.0,0.0,0.0,0.0,0.0,0.0,0.0,0.0,0.0,0.0,0.0,0.0,0.0,0.0,0.0,0.0,0.0,0.0,0.0,0.0,0.0,0.0,0.0,0.0,0.0,0.0,0.0,0.0,0.0,0.0,0.0,0.0,0.0,0.0,0.0,0.0,0.0,0.0,0.0,0.0,0.0,0.0,0.0,0.0,0.0,0.0,0.0,0.0,0.0,0.0,0.0,0.0,0.0,0.0,0.0,0.0,450.0,21.40006013478577,0.0
gc19_pc.promCore::gencode::ZNF652::ENSG00000198740.4,0.0,0.0,1.3333333333333333,1.1666666666666663,6.0,-0.666667,0.0,1.0,1.2380952857142855,1.0357142222222382,7.0,0.0,0.0,0.0,0.0,0.0,0.0,0.0,0.0,0.0,0.0,0.0,0.0,0.0,0.0,0.0,0.0,0.0,0.0,0.0,0.0,0.0,0.0,0.0,0.0,0.0,0.0,0.0,0.0,0.0,0.0,0.0,0.0,0.0,0.0,0.0,0.0,0.0,0.0,0.0,0.0,0.0,0.0,0.0,0.0,0.0,0.0,0.0,0.0,0.0,0.0,0.0,0.0,0.0,0.0,0.0,0.0,0.0,0.0,0.0,0.0,0.0,0.0,0.0,0.0,0.0,0.0,0.0,2.529147852833061,0.1577307943592667,256.0,20.647816750908387,0.0
lncrna.ncrna::gencode::RP4-586O15.1::ENSG00000228504.1,5.862399999999999,77.85734830000001,1.1,0.3,5.0,-0.958333375,0.0138888611111249,8.0,1.0128205384615383,0.1132478440171025,13.0,0.530586,0.0091846168564999,0.0,0.0,0.0,0.0,0.0,5.0,0.0,0.0,0.0,0.0,0.0,0.0,0.0,0.0,0.0,0.0,0.0,0.0,0.0,0.0,0.0,0.0,0.0,5.0,0.0,0.0,0.0,0.0,0.0,1.0,0.0,0.417,0.0100955,0.0,0.0,0.0,0.0,1.0,1.0,0.0,0.0,0.0,0.0,0.0,0.0,0.0,0.0,0.0,0.0,1.0,0.0,0.0,0.0,0.0,0.0,0.0,0.0,1.0,0.0,0.0,0.0,0.0,1.0,0.0,0.0,0.0039772644457168,0.0004908368683328,582.0,17.421941535089882,0.0
gc19_pc.promCore::gencode::CYP4Z1::ENSG00000186160.4,16.595,5.678449999999997,1.0,0.0,3.0,-0.9,0.05,5.0,0.9375,0.03125,8.0,0.697071,0.04027973445,0.0,0.0,0.0,2.0,0.0,0.0,0.0,0.0,0.0,0.0,0.0,0.0,0.0,0.0,0.0,0.0,0.0,0.0,0.0,0.0,0.0,0.0,0.0,2.0,0.0,0.0,0.0,0.0,0.0,1.0,0.0,0.505,0.000288,0.0,0.0,0.0,0.0,0.0,0.0,0.0,0.0,0.0,0.0,0.0,0.0,0.0,0.0,0.0,0.0,1.0,0.0,1.0,0.0,0.0,0.0,0.0,0.0,0.0,0.0,0.0,0.0,0.0,0.0,0.0,0.0,0.600671335132619,0.2014323388232117,479.0,15.482870966140382,0.0
enhancers::chr6:159009200-159011400::NA::NA,0.0,0.0,1.0,0.0,3.0,-0.895833375,0.039186486111125,8.0,0.9242424545454546,0.0297979626262727,11.0,0.0,0.0,0.0,0.0,0.0,0.0,0.0,0.0,0.0,0.0,0.0,0.0,0.0,0.0,0.0,0.0,0.0,0.0,0.0,0.0,0.0,0.0,0.0,0.0,0.0,0.0,0.0,0.0,0.0,0.0,0.0,0.0,0.0,0.0,0.0,0.0,0.0,0.0,0.0,0.0,0.0,0.0,0.0,0.0,0.0,0.0,0.0,0.0,0.0,0.0,0.0,0.0,0.0,0.0,0.0,0.0,0.0,0.0,0.0,0.0,0.0,0.0,0.0,0.0,0.0,0.0,0.0,0.0,0.0,306.0,20.590118260138752,0.0
enhancers::chr1:220127400-220128800::NA::NA,0.0,0.0,1.3333333571428572,0.6965811623931703,14.0,-0.666667,0.0,1.0,1.288888933333333,0.6764549671957807,15.0,0.0,0.0,0.0,0.0,0.0,0.0,0.0,0.0,0.0,0.0,0.0,0.0,0.0,0.0,0.0,0.0,0.0,0.0,0.0,0.0,0.0,0.0,0.0,0.0,0.0,0.0,0.0,0.0,0.0,0.0,0.0,0.0,0.0,0.0,0.0,0.0,0.0,0.0,0.0,0.0,0.0,0.0,0.0,0.0,0.0,0.0,0.0,0.0,0.0,0.0,0.0,0.0,0.0,0.0,0.0,0.0,0.0,0.0,0.0,0.0,0.0,0.0,0.0,0.0,0.0,0.0,0.0,0.0,0.0,641.0,21.26703067286285,0.0
lncrna.ss::mitranscriptome::G002863::G002863,3.803418032786885,17.924742641986178,1.0,0.0,4.0,-0.8888889999999999,0.037036962963,3.0,0.952381,0.015872984127,7.0,0.322252713114754,0.0275220958448013,0.0,127.0,0.0,0.0,0.0,0.0,0.0,0.0,0.0,0.0,0.0,0.0,0.0,0.0,0.0,0.0,0.0,0.0,0.0,0.0,0.0,0.0,0.0,122.0,2.0,0.0,2.0,1.0,0.0,1.2959183673469388,0.3548285293498844,0.3428976377952756,0.0034981402324709,6.0,5.0,8.0,10.0,5.0,7.0,1.0,6.0,3.0,2.0,6.0,4.0,2.0,4.0,3.0,3.0,4.0,3.0,4.0,1.0,0.0,1.0,4.0,2.0,5.0,3.0,4.0,2.0,6.0,2.0,3.0,3.0,0.0020466495095719,8.678790081071086e-05,1252.0,12.895385939898508,0.0
enhancers::chr12:81307000-81307600::NA::NA,2.322,0.0,1.04166675,0.4513888055555833,4.0,-1.0,0.0,1.0,1.0333334,0.3388888277778,5.0,0.581194,0.0,1.0,0.0,0.0,0.0,0.0,0.0,0.0,0.0,0.0,0.0,0.0,0.0,0.0,0.0,0.0,0.0,0.0,0.0,0.0,0.0,0.0,0.0,0.0,1.0,0.0,0.0,0.0,0.0,0.0,1.0,0.0,0.448,0.0,0.0,0.0,0.0,0.0,0.0,0.0,0.0,0.0,1.0,0.0,0.0,0.0,0.0,0.0,0.0,0.0,0.0,0.0,0.0,0.0,0.0,0.0,0.0,0.0,0.0,0.0,0.0,0.0,0.0,0.0,0.0,0.0,0.0,0.0,987.0,13.758223214726724,0.0
gc19_pc.promCore::gencode::AC009802.1::ENSG00000268706.1,0.0,0.0,1.0,0.0,4.0,-0.66666675,0.0555555555555833,4.0,0.833333375,0.0555555396825535,8.0,0.0,0.0,0.0,0.0,0.0,0.0,0.0,0.0,0.0,0.0,0.0,0.0,0.0,0.0,0.0,0.0,0.0,0.0,0.0,0.0,0.0,0.0,0.0,0.0,0.0,0.0,0.0,0.0,0.0,0.0,0.0,0.0,0.0,0.0,0.0,0.0,0.0,0.0,0.0,0.0,0.0,0.0,0.0,0.0,0.0,0.0,0.0,0.0,0.0,0.0,0.0,0.0,0.0,0.0,0.0,0.0,0.0,0.0,0.0,0.0,0.0,0.0,0.0,0.0,0.0,0.0,0.0,0.0,0.0,522.0,17.471246533124575,0.0
gc19_pc.promCore::gencode::ENY2::ENSG00000120533.8,0.0,0.0,1.622807052631579,1.5365495380117191,19.0,-1.0,0.0,1.0,1.5916667,1.4750729409356946,20.0,0.0,0.0,0.0,0.0,0.0,0.0,0.0,0.0,0.0,0.0,0.0,0.0,0.0,0.0,0.0,0.0,0.0,0.0,0.0,0.0,0.0,0.0,0.0,0.0,0.0,0.0,0.0,0.0,0.0,0.0,0.0,0.0,0.0,0.0,0.0,0.0,0.0,0.0,0.0,0.0,0.0,0.0,0.0,0.0,0.0,0.0,0.0,0.0,0.0,0.0,0.0,0.0,0.0,0.0,0.0,0.0,0.0,0.0,0.0,0.0,0.0,0.0,0.0,0.0,0.0,0.0,0.0,3.785114211427348,0.260818301551585,731.0,19.54739350952204,0.0
gc19_pc.5utr::gencode::P4HA1::ENSG00000122884.8,7.4344375,24.313272129166663,1.2666668,0.4666664666667,5.0,-1.0,0.0,2.0,1.190476285714286,0.3280422116402381,7.0,0.6304336250000001,0.0280179201661166,16.0,0.0,0.0,0.0,0.0,0.0,0.0,0.0,1.0,0.0,0.0,0.0,0.0,0.0,0.0,0.0,0.0,0.0,0.0,0.0,0.0,0.0,0.0,16.0,0.0,0.0,1.0,0.0,0.0,1.0,0.0,0.3915294117647059,0.0139946397058823,1.0,0.0,0.0,1.0,0.0,1.0,0.0,0.0,1.0,0.0,3.0,3.0,0.0,1.0,0.0,0.0,2.0,0.0,0.0,0.0,0.0,1.0,0.0,0.0,0.0,0.0,0.0,0.0,0.0,0.0,2.0,0.0,4.838000200849818,1.405381848103274,354.0,19.38243827438497,0.0
lncrna.ss::gencode::RP11-705C15.2::ENSG00000256594.3,4.33435,12.597535713157896,2.0,0.0,2.0,-0.9333334,0.0222221777777999,5.0,1.2380952857142855,0.285714222222238,7.0,0.4809179499999999,0.0355099134588921,0.0,4.0,19.0,0.0,0.0,0.0,0.0,0.0,0.0,0.0,0.0,0.0,0.0,0.0,0.0,0.0,0.0,0.0,0.0,0.0,0.0,0.0,0.0,20.0,0.0,0.0,2.0,1.0,0.0,1.0454545454545454,0.0454545454545454,0.3761739130434782,0.0081810592885375,3.0,0.0,2.0,1.0,1.0,0.0,0.0,0.0,0.0,0.0,0.0,1.0,0.0,1.0,1.0,0.0,2.0,1.0,1.0,0.0,0.0,0.0,0.0,2.0,0.0,1.0,0.0,0.0,0.0,1.0,2.0,0.0,1.0691909485975282,0.2291771918230327,517.0,16.473483798974783,0.0
lncrna.ncrna::gencode::CTB-43E15.3::ENSG00000253686.1,3.3761600000000005,8.58199389,1.2820513076923077,0.4230768888888974,13.0,-0.9333334,0.0222221777777999,5.0,1.1851852222222223,0.3297022106027712,18.0,0.47982084,0.0592406169128066,0.0,11.0,4.0,0.0,0.0,13.0,0.0,0.0,0.0,0.0,0.0,0.0,0.0,0.0,0.0,0.0,0.0,0.0,0.0,0.0,0.0,0.0,0.0,25.0,1.0,0.0,1.0,1.0,0.0,1.0,0.0,0.48175,0.0043344166666666,0.0,2.0,0.0,2.0,0.0,1.0,1.0,0.0,0.0,1.0,1.0,1.0,0.0,1.0,1.0,0.0,0.0,2.0,0.0,1.0,0.0,1.0,0.0,2.0,1.0,0.0,0.0,3.0,1.0,0.0,2.0,1.0,0.9086340592108392,0.3654988314514953,222.0,15.409258329396408,0.0
mirna_pre::mirbase_pre::hsa-mir-103a-1::MI0000109,0.0,0.0,1.1666667,0.4259258888888999,10.0,-1.0,0.0,3.0,1.128205153846154,0.3247862991453076,13.0,0.0,0.0,0.0,0.0,0.0,0.0,0.0,0.0,0.0,0.0,0.0,0.0,0.0,0.0,0.0,0.0,0.0,0.0,0.0,0.0,0.0,0.0,0.0,0.0,0.0,0.0,0.0,0.0,0.0,0.0,0.0,0.0,0.0,0.0,0.0,0.0,0.0,0.0,0.0,0.0,0.0,0.0,0.0,0.0,0.0,0.0,0.0,0.0,0.0,0.0,0.0,0.0,0.0,0.0,0.0,0.0,0.0,0.0,0.0,0.0,0.0,0.0,0.0,0.0,0.0,0.0,0.0,0.0,0.0,383.0,21.34130272421501,1.0
gc19_pc.promCore::gencode::G3BP1::ENSG00000145907.10,8.020000000000001,0.6699630000000005,1.121212181818182,0.4060605454545636,11.0,-0.8333333333333334,0.0833333333333333,3.0,1.0595238571428571,0.3402014249084396,14.0,0.4501246666666667,0.0169516418603333,3.0,0.0,0.0,0.0,0.0,0.0,0.0,0.0,0.0,0.0,0.0,0.0,0.0,0.0,0.0,0.0,0.0,0.0,0.0,0.0,0.0,0.0,0.0,3.0,0.0,0.0,0.0,0.0,0.0,1.0,0.0,0.602,0.003675,0.0,0.0,0.0,0.0,0.0,0.0,0.0,0.0,0.0,0.0,0.0,0.0,0.0,0.0,0.0,0.0,0.0,0.0,0.0,1.0,0.0,1.0,0.0,0.0,0.0,0.0,0.0,0.0,1.0,0.0,0.0,0.0,3.916589156343666,0.1510416171046519,394.0,21.642400785371827,0.0
gc19_pc.3utr::gencode::PFN2::ENSG00000070087.9,10.821666666666664,47.13830833333332,0.9444445,0.0185184814815,6.0,0.0,0.0,0.0,0.9444445,0.0185184814815,6.0,0.2141573333333333,0.0012023360813333,3.0,0.0,0.0,0.0,0.0,0.0,0.0,0.0,0.0,0.0,0.0,0.0,0.0,0.0,0.0,0.0,0.0,0.0,0.0,0.0,0.0,0.0,0.0,3.0,0.0,0.0,0.0,0.0,0.0,1.0,0.0,0.3296666666666666,0.0011083333333333,0.0,0.0,0.0,1.0,0.0,1.0,0.0,0.0,0.0,0.0,0.0,0.0,0.0,0.0,0.0,0.0,0.0,0.0,0.0,0.0,0.0,0.0,0.0,0.0,0.0,1.0,0.0,0.0,0.0,0.0,0.0,0.0,2.3754796586599305,1.0706219074006746,340.0,20.73981438958651,0.0
gc19_pc.3utr::gencode::NUPR1L::ENSG00000185290.3,3.404,2.319858,1.5,0.5,2.0,-1.0,0.0,2.0,1.25,0.25,4.0,0.4697884999999999,0.0113069218205,2.0,0.0,0.0,0.0,0.0,0.0,0.0,0.0,0.0,0.0,0.0,0.0,0.0,0.0,0.0,0.0,0.0,0.0,0.0,0.0,0.0,0.0,0.0,2.0,0.0,0.0,0.0,0.0,0.0,1.0,0.0,0.5445,1.2499999999999745e-05,0.0,0.0,0.0,0.0,0.0,0.0,0.0,0.0,0.0,1.0,0.0,0.0,0.0,0.0,0.0,0.0,0.0,0.0,0.0,0.0,0.0,0.0,0.0,0.0,0.0,1.0,0.0,0.0,0.0,0.0,0.0,0.0,0.172550765431715,0.0288237697501434,642.0,22.406845971750872,0.0
mirna_pre::mirbase_pre::hsa-mir-221::MI0000298,0.0,0.0,0.0,0.0,0.0,-0.5,0.0,1.0,0.5,0.0,1.0,0.0,0.0,0.0,0.0,0.0,0.0,0.0,0.0,0.0,0.0,0.0,0.0,0.0,0.0,0.0,0.0,0.0,0.0,0.0,0.0,0.0,0.0,0.0,0.0,0.0,0.0,0.0,0.0,0.0,0.0,0.0,0.0,0.0,0.0,0.0,0.0,0.0,0.0,0.0,0.0,0.0,0.0,0.0,0.0,0.0,0.0,0.0,0.0,0.0,0.0,0.0,0.0,0.0,0.0,0.0,0.0,0.0,0.0,0.0,0.0,0.0,0.0,0.0,0.0,0.0,0.0,0.0,0.0,0.0,0.0,0.0,1.0
enhancers::chr17:30947600-30950000::NA::NA,0.0,0.0,1.5277778333333334,0.6712964481481667,6.0,-1.0,0.0,1.0,1.452381,0.5992064841270001,7.0,0.0,0.0,0.0,0.0,0.0,0.0,0.0,0.0,0.0,0.0,0.0,0.0,0.0,0.0,0.0,0.0,0.0,0.0,0.0,0.0,0.0,0.0,0.0,0.0,0.0,0.0,0.0,0.0,0.0,0.0,0.0,0.0,0.0,0.0,0.0,0.0,0.0,0.0,0.0,0.0,0.0,0.0,0.0,0.0,0.0,0.0,0.0,0.0,0.0,0.0,0.0,0.0,0.0,0.0,0.0,0.0,0.0,0.0,0.0,0.0,0.0,0.0,0.0,0.0,0.0,0.0,0.0,0.0,0.0,587.0,17.97825798208475,0.0
enhancers::chr1:186468000-186471400::NA::NA,5.6925,11.770016999999998,1.000000052631579,0.2407407037037193,19.0,-0.666667,0.0,1.0,0.9833334,0.2336256865497263,20.0,0.271451,0.0245266176539999,0.0,4.0,0.0,0.0,0.0,0.0,0.0,0.0,0.0,0.0,0.0,0.0,0.0,0.0,0.0,0.0,0.0,0.0,0.0,0.0,0.0,0.0,0.0,4.0,0.0,0.0,0.0,0.0,0.0,1.0,0.0,0.3605,0.0010916666666666,0.0,0.0,0.0,0.0,0.0,0.0,0.0,0.0,0.0,0.0,1.0,0.0,0.0,0.0,1.0,0.0,0.0,0.0,0.0,0.0,0.0,0.0,0.0,1.0,0.0,0.0,0.0,0.0,0.0,1.0,0.0,0.0,0.0,0.0,399.0,14.770044400296824,0.0
gc19_pc.5utr::gencode::LHFPL3::ENSG00000187416.7,0.0,0.0,1.2333334,0.5222221277778,5.0,-1.1666665,0.0555554444445,2.0,1.2142857142857142,0.3584655343915714,7.0,0.0,0.0,0.0,0.0,0.0,0.0,0.0,0.0,0.0,0.0,0.0,0.0,0.0,0.0,0.0,0.0,0.0,0.0,0.0,0.0,0.0,0.0,0.0,0.0,0.0,0.0,0.0,0.0,0.0,0.0,0.0,0.0,0.0,0.0,0.0,0.0,0.0,0.0,0.0,0.0,0.0,0.0,0.0,0.0,0.0,0.0,0.0,0.0,0.0,0.0,0.0,0.0,0.0,0.0,0.0,0.0,0.0,0.0,0.0,0.0,0.0,0.0,0.0,0.0,0.0,0.0,0.0,0.1014160490806126,0.0467191763855238,868.0,8.83605035505807,0.0
gc19_pc.3utr::gencode::NKPD1::ENSG00000179846.7,0.0,0.0,1.4,0.3,5.0,0.0,0.0,0.0,1.4,0.3,5.0,0.0,0.0,0.0,0.0,0.0,0.0,0.0,0.0,0.0,0.0,0.0,0.0,0.0,0.0,0.0,0.0,0.0,0.0,0.0,0.0,0.0,0.0,0.0,0.0,0.0,0.0,0.0,0.0,0.0,0.0,0.0,0.0,0.0,0.0,0.0,0.0,0.0,0.0,0.0,0.0,0.0,0.0,0.0,0.0,0.0,0.0,0.0,0.0,0.0,0.0,0.0,0.0,0.0,0.0,0.0,0.0,0.0,0.0,0.0,0.0,0.0,0.0,0.0,0.0,0.0,0.0,0.0,0.0467444157563824,0.0041188949936077,208.0,19.538149137933463,0.0
gc19_pc.3utr::gencode::FZD7::ENSG00000155760.1,12.04,42.32000000000001,1.5,0.3333333333333333,4.0,-0.7611111666666667,0.0757407281481666,6.0,1.0566667,0.2987777488889,10.0,0.6798385,0.0044640855605,0.0,0.0,0.0,0.0,2.0,0.0,0.0,0.0,0.0,0.0,0.0,0.0,0.0,0.0,0.0,0.0,0.0,0.0,0.0,0.0,0.0,0.0,0.0,2.0,0.0,0.0,0.0,0.0,0.0,1.0,0.0,0.3655,0.0010125,0.0,0.0,0.0,0.0,0.0,0.0,0.0,0.0,0.0,0.0,0.0,0.0,0.0,1.0,0.0,0.0,0.0,0.0,0.0,0.0,0.0,0.0,0.0,0.0,0.0,0.0,0.0,0.0,0.0,1.0,0.0,0.0,0.8850363109266477,0.379649169902882,441.0,17.742190996318655,0.0
mirna_pre::mirbase_pre::hsa-mir-222::MI0000299,0.0,0.0,0.0,0.0,0.0,-0.5,0.0,1.0,0.5,0.0,1.0,0.0,0.0,0.0,0.0,0.0,0.0,0.0,0.0,0.0,0.0,0.0,0.0,0.0,0.0,0.0,0.0,0.0,0.0,0.0,0.0,0.0,0.0,0.0,0.0,0.0,0.0,0.0,0.0,0.0,0.0,0.0,0.0,0.0,0.0,0.0,0.0,0.0,0.0,0.0,0.0,0.0,0.0,0.0,0.0,0.0,0.0,0.0,0.0,0.0,0.0,0.0,0.0,0.0,0.0,0.0,0.0,0.0,0.0,0.0,0.0,0.0,0.0,0.0,0.0,0.0,0.0,0.0,0.0,0.0,0.0,0.0,1.0
gc19_pc.5utr::gencode::MYL4::ENSG00000198336.5,0.0,0.0,1.1388888333333334,0.2490740481481667,6.0,-0.666667,0.0,2.0,1.020833375,0.2256943472222679,8.0,0.0,0.0,0.0,0.0,0.0,0.0,0.0,0.0,0.0,0.0,0.0,0.0,0.0,0.0,0.0,0.0,0.0,0.0,0.0,0.0,0.0,0.0,0.0,0.0,0.0,0.0,0.0,0.0,0.0,0.0,0.0,0.0,0.0,0.0,0.0,0.0,0.0,0.0,0.0,0.0,0.0,0.0,0.0,0.0,0.0,0.0,0.0,0.0,0.0,0.0,0.0,0.0,0.0,0.0,0.0,0.0,0.0,0.0,0.0,0.0,0.0,0.0,0.0,0.0,0.0,0.0,0.0,0.2467730488657726,0.0349448785410741,395.0,19.247908975405064,0.0
smallrna.ncrna::gencode::RN7SKP233::ENSG00000252814.1,0.0,0.0,0.0,0.0,0.0,-0.9761904285714286,0.0595237698412857,7.0,0.9761904285714286,0.0595237698412857,7.0,0.0,0.0,0.0,0.0,0.0,0.0,0.0,0.0,0.0,0.0,0.0,0.0,0.0,0.0,0.0,0.0,0.0,0.0,0.0,0.0,0.0,0.0,0.0,0.0,0.0,0.0,0.0,0.0,0.0,0.0,0.0,0.0,0.0,0.0,0.0,0.0,0.0,0.0,0.0,0.0,0.0,0.0,0.0,0.0,0.0,0.0,0.0,0.0,0.0,0.0,0.0,0.0,0.0,0.0,0.0,0.0,0.0,0.0,0.0,0.0,0.0,0.0,0.0,0.0,0.0,0.0,0.0,0.0095041932024289,0.0041590443867825,931.0,13.185649777969497,0.0
smallrna.ncrna::gencode::SNORA74::ENSG00000223182.1,0.0,0.0,0.666667,0.0,1.0,-0.8888889999999999,0.037036962963,3.0,0.8333335,0.0370369629629999,4.0,0.0,0.0,0.0,0.0,0.0,0.0,0.0,0.0,0.0,0.0,0.0,0.0,0.0,0.0,0.0,0.0,0.0,0.0,0.0,0.0,0.0,0.0,0.0,0.0,0.0,0.0,0.0,0.0,0.0,0.0,0.0,0.0,0.0,0.0,0.0,0.0,0.0,0.0,0.0,0.0,0.0,0.0,0.0,0.0,0.0,0.0,0.0,0.0,0.0,0.0,0.0,0.0,0.0,0.0,0.0,0.0,0.0,0.0,0.0,0.0,0.0,0.0,0.0,0.0,0.0,0.0,0.0,0.0008321402164281,6.439853260113281e-05,631.8420531566522,18.31626827162057,0.0
lncrna.ncrna::gencode::EGOT::ENSG00000235947.1,8.161,0.0,0.8541667500000001,0.0431547261905,8.0,-0.952381,0.0158729841269999,7.0,0.9000000666666668,0.0309523476190666,15.0,0.494629,0.0,1.0,0.0,0.0,0.0,0.0,0.0,0.0,0.0,0.0,0.0,0.0,0.0,0.0,0.0,0.0,0.0,0.0,0.0,0.0,0.0,0.0,0.0,0.0,1.0,0.0,0.0,0.0,0.0,0.0,1.0,0.0,0.468,0.0,0.0,0.0,0.0,0.0,0.0,0.0,0.0,0.0,0.0,0.0,0.0,0.0,0.0,0.0,0.0,0.0,0.0,1.0,0.0,0.0,0.0,0.0,0.0,0.0,0.0,0.0,0.0,0.0,0.0,0.0,0.0,0.0,0.3506072873575164,0.098098762710919,306.0,17.747052187399223,1.0
gc19_pc.3utr::gencode::COX6C::ENSG00000164919.6,3.979846153846154,8.96254864102564,1.3611111666666666,0.8375418417508788,12.0,0.0,0.0,0.0,1.3611111666666666,0.8375418417508788,12.0,0.5708615384615385,0.0392525623107692,12.0,0.0,0.0,0.0,1.0,0.0,0.0,0.0,0.0,0.0,0.0,0.0,0.0,0.0,0.0,0.0,0.0,0.0,0.0,0.0,0.0,0.0,0.0,13.0,0.0,0.0,0.0,0.0,0.0,1.181818181818182,0.3636363636363636,0.3406923076923077,0.0050242307692307,3.0,0.0,0.0,1.0,1.0,0.0,0.0,0.0,3.0,0.0,0.0,3.0,0.0,1.0,0.0,0.0,0.0,0.0,0.0,0.0,0.0,0.0,0.0,0.0,0.0,0.0,0.0,0.0,0.0,0.0,1.0,0.0,6.116928252723976,0.4589711434058702,618.0,19.88306684564044,0.0
enhancers::chr9:6302000-6302800::NA::NA,0.0,0.0,1.0333334,0.3388888277778,5.0,-0.75,0.125,2.0,0.952381,0.265872984127,7.0,0.0,0.0,0.0,0.0,0.0,0.0,0.0,0.0,0.0,0.0,0.0,0.0,0.0,0.0,0.0,0.0,0.0,0.0,0.0,0.0,0.0,0.0,0.0,0.0,0.0,0.0,0.0,0.0,0.0,0.0,0.0,0.0,0.0,0.0,0.0,0.0,0.0,0.0,0.0,0.0,0.0,0.0,0.0,0.0,0.0,0.0,0.0,0.0,0.0,0.0,0.0,0.0,0.0,0.0,0.0,0.0,0.0,0.0,0.0,0.0,0.0,0.0,0.0,0.0,0.0,0.0,0.0,0.0,0.0,432.0,9.497851836951115,0.0
gc19_pc.5utr::gencode::ORAI3::ENSG00000175938.6,0.0,0.0,0.9444445,0.0185184814815,6.0,-1.0,0.0,1.0,0.952381,0.0158729841269999,7.0,0.0,0.0,0.0,0.0,0.0,0.0,0.0,0.0,0.0,0.0,0.0,0.0,0.0,0.0,0.0,0.0,0.0,0.0,0.0,0.0,0.0,0.0,0.0,0.0,0.0,0.0,0.0,0.0,0.0,0.0,0.0,0.0,0.0,0.0,0.0,0.0,0.0,0.0,0.0,0.0,0.0,0.0,0.0,0.0,0.0,0.0,0.0,0.0,0.0,0.0,0.0,0.0,0.0,0.0,0.0,0.0,0.0,0.0,0.0,0.0,0.0,0.0,0.0,0.0,0.0,0.0,0.0,3.266781155512201,0.3164465700470882,207.0,20.722862551542743,0.0
gc19_pc.3utr::gencode::EID2::ENSG00000176396.9,8.418,0.0,2.0,2.0,2.0,0.0,0.0,0.0,2.0,2.0,2.0,0.435482,0.0,0.0,0.0,0.0,0.0,1.0,0.0,0.0,0.0,0.0,0.0,0.0,0.0,0.0,0.0,0.0,0.0,0.0,0.0,0.0,0.0,0.0,0.0,0.0,1.0,0.0,0.0,0.0,0.0,0.0,1.0,0.0,0.333,0.0,0.0,0.0,1.0,0.0,0.0,0.0,0.0,0.0,0.0,0.0,0.0,0.0,0.0,0.0,0.0,0.0,0.0,0.0,0.0,0.0,0.0,0.0,0.0,0.0,0.0,0.0,0.0,0.0,0.0,0.0,0.0,0.0,2.785730062818992,0.0815429828223581,223.0,17.659208514926423,0.0
enhancers::chr3:126747200-126748000::NA::NA,2.8485,0.9926404999999996,0.8333335,0.0555554444444999,2.0,-0.54166675,0.00694447222225,4.0,0.6388889999999999,0.0379629703704,6.0,0.499573,1.6715761999999894e-05,2.0,0.0,0.0,0.0,0.0,0.0,0.0,0.0,0.0,0.0,0.0,0.0,0.0,0.0,0.0,0.0,0.0,0.0,0.0,0.0,0.0,0.0,0.0,2.0,0.0,0.0,0.0,0.0,0.0,1.0,0.0,0.652,5.000000000000009e-05,0.0,0.0,0.0,0.0,0.0,0.0,0.0,0.0,0.0,1.0,0.0,0.0,0.0,0.0,0.0,0.0,0.0,0.0,0.0,0.0,0.0,0.0,0.0,0.0,0.0,0.0,0.0,1.0,0.0,0.0,0.0,0.0,0.0,0.0,494.0,20.517169561741024,0.0
gc19_pc.3utr::gencode::CCL22::ENSG00000102962.4,2.677,0.0,1.0,0.0,1.0,-1.0,0.0,2.0,1.0,0.0,3.0,0.413535,0.0,0.0,0.0,0.0,0.0,1.0,0.0,0.0,0.0,0.0,0.0,0.0,0.0,0.0,0.0,0.0,0.0,0.0,0.0,0.0,0.0,0.0,0.0,0.0,1.0,0.0,0.0,0.0,0.0,0.0,1.0,0.0,0.557,0.0,0.0,0.0,0.0,0.0,0.0,0.0,0.0,0.0,0.0,0.0,0.0,0.0,0.0,0.0,0.0,0.0,0.0,0.0,0.0,0.0,0.0,0.0,1.0,0.0,0.0,0.0,0.0,0.0,0.0,0.0,0.0,0.0,0.412465449230354,0.1172666456028526,125.0,16.590864779400192,0.0
gc19_pc.promCore::gencode::PAGE2B::ENSG00000238269.4,0.0,0.0,0.0,0.0,0.0,-0.5833335,0.0138889444444999,2.0,0.5833335,0.0138889444444999,2.0,0.0,0.0,0.0,0.0,0.0,0.0,0.0,0.0,0.0,0.0,0.0,0.0,0.0,0.0,0.0,0.0,0.0,0.0,0.0,0.0,0.0,0.0,0.0,0.0,0.0,0.0,0.0,0.0,0.0,0.0,0.0,0.0,0.0,0.0,0.0,0.0,0.0,0.0,0.0,0.0,0.0,0.0,0.0,0.0,0.0,0.0,0.0,0.0,0.0,0.0,0.0,0.0,0.0,0.0,0.0,0.0,0.0,0.0,0.0,0.0,0.0,0.0,0.0,0.0,0.0,0.0,0.0,0.8267394230643748,3.028315473719524,0.0,0.0,0.0
gc19_pc.5utr::gencode::PHB::ENSG00000167085.7,7.473000000000001,24.598098,1.5,1.833333333333333,4.0,-0.666667,0.0,1.0,1.3333334,1.5138887777777998,5.0,0.471106,0.0096052572019999,3.0,0.0,0.0,0.0,0.0,0.0,0.0,0.0,0.0,0.0,0.0,0.0,0.0,0.0,0.0,0.0,0.0,0.0,0.0,0.0,0.0,0.0,0.0,2.0,0.0,0.0,1.0,0.0,0.0,1.0,0.0,0.4453333333333333,0.0055443333333333,0.0,0.0,1.0,0.0,1.0,0.0,0.0,0.0,0.0,0.0,0.0,0.0,0.0,0.0,0.0,0.0,0.0,0.0,0.0,0.0,0.0,0.0,0.0,0.0,0.0,0.0,0.0,0.0,0.0,0.0,0.0,0.0,4.495720163024392,0.3096839476434568,256.0,20.647816750908387,0.0
lncrna.promCore::gencode::COL6A4P2::ENSG00000228252.4,3.751424657534248,9.180629553272452,0.666667,0.0,1.0,-0.5555556666666667,0.0092592962963333,3.0,0.5833335,0.0092592962963333,4.0,0.4569541780821919,0.0467375263917039,0.0,27.0,50.0,0.0,0.0,0.0,0.0,0.0,0.0,0.0,0.0,0.0,0.0,0.0,0.0,0.0,0.0,0.0,0.0,0.0,0.0,0.0,0.0,73.0,0.0,0.0,3.0,1.0,0.0,1.1846153846153846,0.2778846153846154,0.4102597402597402,0.0048480895420369,5.0,6.0,5.0,1.0,4.0,3.0,2.0,2.0,5.0,1.0,5.0,2.0,0.0,4.0,1.0,1.0,2.0,4.0,4.0,1.0,0.0,2.0,2.0,1.0,1.0,0.0,1.0,3.0,3.0,0.0,0.0,2.0,0.3626716373015424,0.0772098105935633,551.0,13.31599862262856,0.0
smallrna.ncrna::gencode::RNU2-15P::ENSG00000222624.1,0.0,0.0,1.2,0.2,5.0,-1.0,0.0,2.0,1.1428571428571428,0.1428571428571428,7.0,0.0,0.0,0.0,0.0,0.0,0.0,0.0,0.0,0.0,0.0,0.0,0.0,0.0,0.0,0.0,0.0,0.0,0.0,0.0,0.0,0.0,0.0,0.0,0.0,0.0,0.0,0.0,0.0,0.0,0.0,0.0,0.0,0.0,0.0,0.0,0.0,0.0,0.0,0.0,0.0,0.0,0.0,0.0,0.0,0.0,0.0,0.0,0.0,0.0,0.0,0.0,0.0,0.0,0.0,0.0,0.0,0.0,0.0,0.0,0.0,0.0,0.0,0.0,0.0,0.0,0.0,0.0,0.0074742160612095,0.0037050234670177,441.0,19.46214077072624,0.0
gc19_pc.3utr::gencode::CLEC2D::ENSG00000069493.10,0.0,0.0,2.0,0.0,2.0,-0.9333334,0.0222221777777999,5.0,1.2380952857142855,0.285714222222238,7.0,0.0,0.0,0.0,0.0,0.0,0.0,0.0,0.0,0.0,0.0,0.0,0.0,0.0,0.0,0.0,0.0,0.0,0.0,0.0,0.0,0.0,0.0,0.0,0.0,0.0,0.0,0.0,0.0,0.0,0.0,0.0,0.0,0.0,0.0,0.0,0.0,0.0,0.0,0.0,0.0,0.0,0.0,0.0,0.0,0.0,0.0,0.0,0.0,0.0,0.0,0.0,0.0,0.0,0.0,0.0,0.0,0.0,0.0,0.0,0.0,0.0,0.0,0.0,0.0,0.0,0.0,0.0,2.050297357639616,0.5891627396617903,618.0,19.240607350731736,0.0
lncrna.ss::mitranscriptome::G067430::G067430,7.262916666666666,30.22106444696969,0.8333335,0.037036962963,4.0,-0.9333333333333332,0.0133333333333333,3.0,0.8761905714285714,0.0258200592592857,7.0,0.4688922499999999,0.0199217838022045,0.0,13.0,0.0,0.0,0.0,0.0,0.0,0.0,0.0,0.0,0.0,0.0,0.0,0.0,0.0,0.0,0.0,0.0,0.0,0.0,0.0,0.0,0.0,12.0,0.0,0.0,0.0,1.0,0.0,1.0833333333333333,0.0833333333333333,0.3576153846153846,0.002602923076923,1.0,0.0,1.0,0.0,0.0,0.0,0.0,1.0,0.0,2.0,0.0,1.0,0.0,2.0,0.0,0.0,0.0,0.0,0.0,0.0,0.0,0.0,1.0,0.0,2.0,0.0,0.0,0.0,0.0,0.0,1.0,0.0,0.003764846085711,0.0005416834110017,674.0,13.173989374166537,0.0
enhancers::chr16:88064200-88064800::NA::NA,0.0,0.0,0.8333335,0.0555554444445,2.0,-0.8888889166666667,0.0622895084175378,12.0,0.8809524285714286,0.0573870012210329,14.0,0.0,0.0,0.0,0.0,0.0,0.0,0.0,0.0,0.0,0.0,0.0,0.0,0.0,0.0,0.0,0.0,0.0,0.0,0.0,0.0,0.0,0.0,0.0,0.0,0.0,0.0,0.0,0.0,0.0,0.0,0.0,0.0,0.0,0.0,0.0,0.0,0.0,0.0,0.0,0.0,0.0,0.0,0.0,0.0,0.0,0.0,0.0,0.0,0.0,0.0,0.0,0.0,0.0,0.0,0.0,0.0,0.0,0.0,0.0,0.0,0.0,0.0,0.0,0.0,0.0,0.0,0.0,0.0,0.0,127.0,17.495613037961007,0.0
gc19_pc.promCore::gencode::ZNF79::ENSG00000196152.6,0.0,0.0,0.79166675,0.06249997222225,4.0,-1.0277778333333334,0.0712962481481666,6.0,0.9333334,0.0753086024691555,10.0,0.0,0.0,0.0,0.0,0.0,0.0,0.0,0.0,0.0,0.0,0.0,0.0,0.0,0.0,0.0,0.0,0.0,0.0,0.0,0.0,0.0,0.0,0.0,0.0,0.0,0.0,0.0,0.0,0.0,0.0,0.0,0.0,0.0,0.0,0.0,0.0,0.0,0.0,0.0,0.0,0.0,0.0,0.0,0.0,0.0,0.0,0.0,0.0,0.0,0.0,0.0,0.0,0.0,0.0,0.0,0.0,0.0,0.0,0.0,0.0,0.0,0.0,0.0,0.0,0.0,0.0,0.0,1.810696321337509,0.0917074968394707,270.0,18.609402410114217,0.0
enhancers::chr2:206715200-206717800::NA::NA,10.33,0.0,1.125,0.3958333333333333,4.0,-0.7133334,0.0775555477778,5.0,0.8962963333333334,0.234290104321,9.0,0.245143,0.0,0.0,1.0,0.0,0.0,0.0,0.0,0.0,0.0,0.0,0.0,0.0,0.0,0.0,0.0,0.0,0.0,0.0,0.0,0.0,0.0,0.0,0.0,0.0,1.0,0.0,0.0,0.0,0.0,0.0,1.0,0.0,0.493,0.0,0.0,0.0,0.0,0.0,0.0,0.0,0.0,0.0,0.0,0.0,0.0,0.0,0.0,0.0,0.0,0.0,0.0,0.0,1.0,0.0,0.0,0.0,0.0,0.0,0.0,0.0,0.0,0.0,0.0,0.0,0.0,0.0,0.0,0.0,559.0,8.985841937003341,0.0
gc19_pc.3utr::gencode::ARMC4::ENSG00000169126.11,4.112371647509581,16.107000211346893,1.1666665,0.0555554444445,2.0,0.0,0.0,0.0,1.1666665,0.0555554444445,2.0,0.4399052030651344,0.0398833856526085,268.0,3.0,0.0,0.0,0.0,0.0,0.0,1.0,0.0,0.0,0.0,0.0,0.0,0.0,0.0,0.0,0.0,0.0,0.0,0.0,0.0,0.0,0.0,261.0,0.0,0.0,3.0,8.0,0.0,1.7777777777777777,1.1739766081871343,0.3803455882352939,0.0055792306815715,11.0,7.0,8.0,14.0,12.0,7.0,8.0,6.0,15.0,12.0,6.0,13.0,4.0,10.0,9.0,2.0,10.0,9.0,3.0,1.0,5.0,5.0,8.0,5.0,14.0,2.0,7.0,6.0,3.0,14.0,11.0,14.0,0.0308439728508839,0.0020699223717288,454.0,14.149191397099338,0.0
